unique_id,representative_qci_id,pde_id,pde_name,block,column,relaxation_schedule,num_samples,job_id,sample_index,bitstring,qci_reported_energy,qci_count,computed_submitted_energy,submitted_energy_gap_to_exact,inverse_residual,decoded_y0,decoded_y1,strict_exact_hit,residual_quality_hit_1p05
UQCI-020,QCI-032,poisson2d_10x2,Poisson 2D,6,1,4,100,6a8cd29208442f441bbb6a38,0,000000110100001001000110,-0.0504622,2,-0.050462201627746284,9.803265856728194e-08,0.0016704686852235708,0.0005078125,0.00568359375,False,False
UQCI-020,QCI-032,poisson2d_10x2,Poisson 2D,6,1,4,100,6a8cd29208442f441bbb6a38,1,000000110100001001000101,-0.0504622,1,-0.05046224350553089,5.615487395915775e-08,0.0014002084592860682,0.0005078125,0.0056738281250000005,False,False
UQCI-020,QCI-032,poisson2d_10x2,Poisson 2D,6,1,4,100,6a8cd29208442f441bbb6a38,2,000000110110001001000101,-0.050462,1,-0.05046202356781994,2.7609258491240185e-07,0.0025137692812246698,0.00052734375,0.0056738281250000005,False,False
UQCI-020,QCI-032,poisson2d_10x2,Poisson 2D,6,1,4,100,6a8cd29208442f441bbb6a38,3,000000110011001001000101,-0.0504619,1,-0.05046189456613652,4.0509426833118534e-07,0.0029791661703709492,0.000498046875,0.0056738281250000005,False,False
UQCI-020,QCI-032,poisson2d_10x2,Poisson 2D,6,1,4,100,6a8cd29208442f441bbb6a38,4,000000110011001001000110,-0.0504618,1,-0.05046179765625452,5.020041503323025e-07,0.003285707031219,0.000498046875,0.00568359375,False,False
UQCI-020,QCI-032,poisson2d_10x2,Poisson 2D,6,1,4,100,6a8cd29208442f441bbb6a38,5,000000110110001001001000,-0.0504613,1,-0.050461310310550754,9.893498540969325e-07,0.004522552630456006,0.00052734375,0.005703125,False,False
UQCI-020,QCI-032,poisson2d_10x2,Poisson 2D,6,1,4,100,6a8cd29208442f441bbb6a38,6,000000110011001001001000,-0.0504607,1,-0.05046068601999079,1.6136404140595917e-06,0.005729301606292438,0.000498046875,0.005703125,False,False
UQCI-020,QCI-032,poisson2d_10x2,Poisson 2D,6,1,4,100,6a8cd29208442f441bbb6a38,7,000000111000001001001000,-0.0504602,2,-0.05046019681009103,2.102850313823179e-06,0.006520694043980788,0.000546875,0.005703125,False,False
UQCI-020,QCI-032,poisson2d_10x2,Poisson 2D,6,1,4,100,6a8cd29208442f441bbb6a38,8,000000110000001001000101,-0.050459,2,-0.05045901211495339,3.2875454514594282e-06,0.008123808651046187,0.00046875,0.0056738281250000005,False,False
UQCI-020,QCI-032,poisson2d_10x2,Poisson 2D,6,1,4,100,6a8cd29208442f441bbb6a38,9,000000111010001001000110,-0.0504582,1,-0.05045820074119833,4.098919206524387e-06,0.009059528900210742,0.00056640625,0.00568359375,False,False
UQCI-020,QCI-032,poisson2d_10x2,Poisson 2D,6,1,4,100,6a8cd29208442f441bbb6a38,10,000000110011001000111111,-0.0504561,2,-0.05045605130992908,6.248350475773767e-06,0.011165564114291215,0.000498046875,0.005615234375,False,False
UQCI-020,QCI-032,poisson2d_10x2,Poisson 2D,6,1,4,100,6a8cd29208442f441bbb6a38,11,000000110100001000111111,-0.0504561,1,-0.050456070056739084,6.2296036657666365e-06,0.011148915687271983,0.0005078125,0.005615234375,False,False
UQCI-020,QCI-032,poisson2d_10x2,Poisson 2D,6,1,4,100,6a8cd29208442f441bbb6a38,12,000000110010001000111111,-0.0504557,1,-0.05045572662428569,6.573036119159048e-06,0.011450067188865664,0.00048828125,0.005615234375,False,False
UQCI-020,QCI-032,poisson2d_10x2,Poisson 2D,6,1,4,100,6a8cd29208442f441bbb6a38,13,000000101110001001000100,-0.0504556,1,-0.050455626918200346,6.672742204505422e-06,0.011536025742735215,0.00044921875,0.0056640625,False,False
UQCI-020,QCI-032,poisson2d_10x2,Poisson 2D,6,1,4,100,6a8cd29208442f441bbb6a38,14,000000110001001000111111,-0.0504551,1,-0.05045509599980901,7.203660595839212e-06,0.011983362254370437,0.000478515625,0.005615234375,False,False
UQCI-020,QCI-032,poisson2d_10x2,Poisson 2D,6,1,4,100,6a8cd29208442f441bbb6a38,15,000000101111001000111111,-0.0504529,1,-0.05045291693435561,9.382726049243784e-06,0.013666857080234634,0.00045898437500000003,0.005615234375,False,False
UQCI-020,QCI-032,poisson2d_10x2,Poisson 2D,6,1,4,100,6a8cd29208442f441bbb6a38,16,000001000000001001001000,-0.0504435,9,-0.05044350525492042,1.8794405484433285e-05,0.01932076476034854,0.000625,0.005703125,False,False
UQCI-020,QCI-032,poisson2d_10x2,Poisson 2D,6,1,4,100,6a8cd29208442f441bbb6a38,17,000001000000001001000111,-0.0504435,3,-0.05044349862520274,1.8801035202110905e-05,0.01932416441738017,0.000625,0.005693359375,False,False
UQCI-020,QCI-032,poisson2d_10x2,Poisson 2D,6,1,4,100,6a8cd29208442f441bbb6a38,18,000000100111001001000100,-0.0504343,1,-0.050434295420623595,2.800423978125549e-05,0.023575432196337908,0.000380859375,0.0056640625,False,False
UQCI-020,QCI-032,poisson2d_10x2,Poisson 2D,6,1,4,100,6a8cd29208442f441bbb6a38,19,000001000000001000111111,-0.0504324,11,-0.05043243178946349,2.986787094136356e-05,0.024346090649185855,0.000625,0.005615234375,False,False
UQCI-020,QCI-032,poisson2d_10x2,Poisson 2D,6,1,4,100,6a8cd29208442f441bbb6a38,20,000000011111001001000010,-0.0503924,1,-0.050392425645745816,6.987401465903542e-05,0.037222629891703,0.000302734375,0.00564453125,False,False
UQCI-020,QCI-032,poisson2d_10x2,Poisson 2D,6,1,4,100,6a8cd29208442f441bbb6a38,21,111111111111001000111100,-0.0500351,2,-0.05003502596836929,0.00042727369203555965,0.0920218826784395,-0.000009765625,0.0055859375,False,False
UQCI-020,QCI-032,poisson2d_10x2,Poisson 2D,6,1,4,100,6a8cd29208442f441bbb6a38,22,111111111111001000111011,-0.050035,6,-0.050034925158982904,0.00042737450142194683,0.09203273660412095,-0.000009765625,0.005576171875,False,False
UQCI-020,QCI-032,poisson2d_10x2,Poisson 2D,6,1,4,100,6a8cd29208442f441bbb6a38,23,111111111111001001000000,-0.0500324,5,-0.050032369817582675,0.00042992984282217567,0.09230743841942428,-0.000009765625,0.005625,False,False
UQCI-020,QCI-032,poisson2d_10x2,Poisson 2D,6,1,4,100,6a8cd29208442f441bbb6a38,24,000000111111001010000000,-0.0499557,2,-0.049955673574030746,0.0005066260863741054,0.10020246525186483,0.000615234375,0.00625,False,False
UQCI-020,QCI-032,poisson2d_10x2,Poisson 2D,6,1,4,100,6a8cd29208442f441bbb6a38,25,000001000000001010000000,-0.0499556,1,-0.0499555981411722,0.0005067015192326482,0.10020992404555817,0.000625,0.00625,False,False
UQCI-020,QCI-032,poisson2d_10x2,Poisson 2D,6,1,4,100,6a8cd29208442f441bbb6a38,26,000000101000000111111111,-0.0497268,7,-0.04972676467580203,0.0007355349846028189,0.12073427911971664,0.000390625,0.004990234375,False,False
UQCI-020,QCI-032,poisson2d_10x2,Poisson 2D,6,1,4,100,6a8cd29208442f441bbb6a38,27,000000100111000111111111,-0.0497266,4,-0.04972659671722574,0.000735702943179109,0.12074806229884338,0.000380859375,0.004990234375,False,False
UQCI-020,QCI-032,poisson2d_10x2,Poisson 2D,6,1,4,100,6a8cd29208442f441bbb6a38,28,000000011111000111111111,-0.0497142,1,-0.049714239250616424,0.0007480604097884272,0.12175787230111168,0.000302734375,0.004990234375,False,False
UQCI-020,QCI-032,poisson2d_10x2,Poisson 2D,6,1,4,100,6a8cd29208442f441bbb6a38,29,000001000000000111111111,-0.049639,6,-0.04963901403164744,0.0008232856287574142,0.12773292208727904,0.000625,0.004990234375,False,False
UQCI-020,QCI-032,poisson2d_10x2,Poisson 2D,6,1,4,100,6a8cd29208442f441bbb6a38,30,111111111111000111111111,-0.0494691,20,-0.04946900853087195,0.0009932911295328986,0.1403020212158129,-0.000009765625,0.004990234375,False,False
UQCI-020,QCI-032,poisson2d_10x2,Poisson 2D,6,1,4,100,6a8cd29208442f441bbb6a38,31,111111111111010000000000,-0.0187593,1,-0.01875918593635849,0.03170311372404636,0.7926246037888611,-0.000009765625,0.01,False,False
UQCI-015,QCI-027,poisson2d_10x2,Poisson 2D,4,0,4,100,6a8cd56308442f441bbb6a39,0,001000110111000000101101,-0.0486428,8,-0.048642797165919564,0.0,0.00035096456155458885,0.005537109375,0.000439453125,True,True
UQCI-015,QCI-027,poisson2d_10x2,Poisson 2D,4,0,4,100,6a8cd56308442f441bbb6a39,1,001000111000000000101101,-0.0486427,4,-0.0486426774685861,1.1969733346162137e-07,0.0016074566831343433,0.005546875,0.000439453125,False,False
UQCI-015,QCI-027,poisson2d_10x2,Poisson 2D,4,0,4,100,6a8cd56308442f441bbb6a39,2,001000110111000000101011,-0.0486423,1,-0.04864229041170444,5.067542151251936e-07,0.003246697141475117,0.005537109375,0.000419921875,False,False
UQCI-015,QCI-027,poisson2d_10x2,Poisson 2D,4,0,4,100,6a8cd56308442f441bbb6a39,3,001000111000000000101011,-0.0486421,2,-0.048642073835184575,7.233307349890916e-07,0.0038721348119757056,0.005546875,0.000419921875,False,False
UQCI-015,QCI-027,poisson2d_10x2,Poisson 2D,4,0,4,100,6a8cd56308442f441bbb6a39,4,001000111000000000110000,-0.0486413,4,-0.04864127103966385,1.5261262557159094e-06,0.0056122472319877345,0.005546875,0.00046875,False,False
UQCI-015,QCI-027,poisson2d_10x2,Poisson 2D,4,0,4,100,6a8cd56308442f441bbb6a39,5,001000110111000000110000,-0.0486412,1,-0.04864124541821771,1.5517477018542336e-06,0.00565897917841339,0.005537109375,0.00046875,False,False
UQCI-015,QCI-027,poisson2d_10x2,Poisson 2D,4,0,4,100,6a8cd56308442f441bbb6a39,6,001000110110000000110000,-0.0486409,1,-0.048640911546235024,1.8856196845398743e-06,0.0062360078704711,0.00552734375,0.00046875,False,False
UQCI-015,QCI-027,poisson2d_10x2,Poisson 2D,4,0,4,100,6a8cd56308442f441bbb6a39,7,001000110011000000110000,-0.0486381,2,-0.048638060427067066,4.736738852498257e-06,0.009874268349490746,0.005498046875,0.00046875,False,False
UQCI-015,QCI-027,poisson2d_10x2,Poisson 2D,4,0,4,100,6a8cd56308442f441bbb6a39,8,001000110001000000101100,-0.0486372,1,-0.048637233474371544,5.563691548020333e-06,0.010700546259326139,0.005478515625,0.0004296875,False,False
UQCI-015,QCI-027,poisson2d_10x2,Poisson 2D,4,0,4,100,6a8cd56308442f441bbb6a39,9,001001000000000000101110,-0.0486309,6,-0.04863084982824106,1.194733767850148e-05,0.015675996038258887,0.005625,0.00044921875,False,False
UQCI-015,QCI-027,poisson2d_10x2,Poisson 2D,4,0,4,100,6a8cd56308442f441bbb6a39,10,001001000000000000110000,-0.0486304,7,-0.048630378991914185,1.24181740053797e-05,0.01598174950142875,0.005625,0.00046875,False,False
UQCI-015,QCI-027,poisson2d_10x2,Poisson 2D,4,0,4,100,6a8cd56308442f441bbb6a39,11,001000101111000000110000,-0.0486299,1,-0.048629943427330576,1.285373858898875e-05,0.016259479236905988,0.005458984375,0.00046875,False,False
UQCI-015,QCI-027,poisson2d_10x2,Poisson 2D,4,0,4,100,6a8cd56308442f441bbb6a39,12,001000110101000000011111,-0.048614,1,-0.048614027793004576,2.876937291498849e-05,0.024322102816207253,0.005517578125,0.000302734375,False,False
UQCI-015,QCI-027,poisson2d_10x2,Poisson 2D,4,0,4,100,6a8cd56308442f441bbb6a39,13,001000111100000001000000,-0.048587,1,-0.04858703611822841,5.576104769115103e-05,0.033859418638826494,0.0055859375,0.000625,False,False
UQCI-015,QCI-027,poisson2d_10x2,Poisson 2D,4,0,4,100,6a8cd56308442f441bbb6a39,14,001001000000000001000000,-0.0485822,7,-0.04858222422402529,6.05729418942727e-05,0.035289988318217634,0.005625,0.000625,False,False
UQCI-015,QCI-027,poisson2d_10x2,Poisson 2D,4,0,4,100,6a8cd56308442f441bbb6a39,15,001000110000000001000000,-0.0485719,1,-0.04857187974932139,7.09174165981763e-05,0.03818435874631046,0.0054687500000000005,0.000625,False,False
UQCI-015,QCI-027,poisson2d_10x2,Poisson 2D,4,0,4,100,6a8cd56308442f441bbb6a39,16,001000110000111111111111,-0.0483269,6,-0.048326996691235524,0.0003158004746840401,0.08057516656790131,0.0054687500000000005,-0.000009765625,False,False
UQCI-015,QCI-027,poisson2d_10x2,Poisson 2D,4,0,4,100,6a8cd56308442f441bbb6a39,17,001000101111111111111111,-0.0483268,8,-0.04832687860556317,0.0003159185603563916,0.08059022940614412,0.005458984375,-0.000009765625,False,False
UQCI-015,QCI-027,poisson2d_10x2,Poisson 2D,4,0,4,100,6a8cd56308442f441bbb6a39,18,001000101110111111111111,-0.0483265,1,-0.04832645226935439,0.00031634489656517245,0.08064458882339802,0.00544921875,-0.000009765625,False,False
UQCI-015,QCI-027,poisson2d_10x2,Poisson 2D,4,0,4,100,6a8cd56308442f441bbb6a39,19,001001000000111111111111,-0.0482869,6,-0.048286963989010334,0.00035583317690923016,0.08552982398403586,0.005625,-0.000009765625,False,False
UQCI-015,QCI-027,poisson2d_10x2,Poisson 2D,4,0,4,100,6a8cd56308442f441bbb6a39,20,000111111111000000100100,-0.0481699,5,-0.04816995562925545,0.00047284153666411755,0.09859417662240638,0.004990234375,0.0003515625,False,False
UQCI-015,QCI-027,poisson2d_10x2,Poisson 2D,4,0,4,100,6a8cd56308442f441bbb6a39,21,000111111111000000100011,-0.0481698,1,-0.048169794739805885,0.0004730024261136792,0.09861094885101539,0.004990234375,0.00034179687500000003,False,False
UQCI-015,QCI-027,poisson2d_10x2,Poisson 2D,4,0,4,100,6a8cd56308442f441bbb6a39,22,000111111111000000101000,-0.0481675,1,-0.048167516681687554,0.0004752804842320102,0.09884812396177303,0.004990234375,0.000390625,False,False
UQCI-015,QCI-027,poisson2d_10x2,Poisson 2D,4,0,4,100,6a8cd56308442f441bbb6a39,23,000111111111000000011111,-0.048166,2,-0.04816606867664158,0.0004767284892779819,0.09899858451406147,0.004990234375,0.000302734375,False,False
UQCI-015,QCI-027,poisson2d_10x2,Poisson 2D,4,0,4,100,6a8cd56308442f441bbb6a39,24,000111111111000001000000,-0.0480493,5,-0.04804931081597597,0.0005934863499435922,0.11045827647662265,0.004990234375,0.000625,False,False
UQCI-015,QCI-027,poisson2d_10x2,Poisson 2D,4,0,4,100,6a8cd56308442f441bbb6a39,25,000111111111111111111111,-0.0479587,17,-0.04795870786223533,0.0006840893036842363,0.1185902554954933,0.004990234375,-0.000009765625,False,False
UQCI-003,QCI-003,heat1d_N20,Heat 1D,2,0,1,20,6a8cd84708442f441bbb6a3a,0,011000111101000000110101,-0.2372401,2,-0.2372400752317681,3.28862459209045e-08,0.0004772658400571168,0.9357421874999999,0.031054687499999997,False,False
UQCI-003,QCI-003,heat1d_N20,Heat 1D,2,0,1,20,6a8cd84708442f441bbb6a3a,1,011000111110000000110101,-0.2372401,1,-0.23724010811801402,0.0,0.0002986010743928854,0.936328125,0.031054687499999997,True,True
UQCI-003,QCI-003,heat1d_N20,Heat 1D,2,0,1,20,6a8cd84708442f441bbb6a3a,2,011000111110000000110011,-0.2372399,1,-0.23723985653875101,2.515792630053415e-07,0.00107219589437489,0.936328125,0.029882812499999998,False,False
UQCI-003,QCI-003,heat1d_N20,Heat 1D,2,0,1,20,6a8cd84708442f441bbb6a3a,3,011000111110000000111000,-0.2372391,1,-0.2372390837212461,1.0243967679124388e-06,0.0020993181858554723,0.936328125,0.0328125,False,False
UQCI-003,QCI-003,heat1d_N20,Heat 1D,2,0,1,20,6a8cd84708442f441bbb6a3a,4,011000111110000001000000,-0.2372282,1,-0.23722812830464715,1.1979813366869152e-05,0.007112364938230485,0.936328125,0.0375,False,False
UQCI-003,QCI-003,heat1d_N20,Heat 1D,2,0,1,20,6a8cd84708442f441bbb6a3a,5,011001000000000001000000,-0.2372279,1,-0.2372279051563458,1.220296166823398e-05,0.007178184729200343,0.9375,0.0375,False,False
UQCI-003,QCI-003,heat1d_N20,Heat 1D,2,0,1,20,6a8cd84708442f441bbb6a3a,6,011000111100000001000000,-0.2372276,2,-0.23722760546753907,1.250265047494925e-05,0.007265642836765886,0.9351562499999999,0.0375,False,False
UQCI-003,QCI-003,heat1d_N20,Heat 1D,2,0,1,20,6a8cd84708442f441bbb6a3a,7,011000111011000001000000,-0.2372271,1,-0.2372270643044569,1.3043813557128692e-05,0.0074209597201573265,0.9345703125,0.0375,False,False
UQCI-003,QCI-003,heat1d_N20,Heat 1D,2,0,1,20,6a8cd84708442f441bbb6a3a,8,011000111010111111111111,-0.2369723,1,-0.23697231091125986,0.00026779720675415564,0.03359898028229153,0.933984375,-0.0005859375,False,False
UQCI-003,QCI-003,heat1d_N20,Heat 1D,2,0,1,20,6a8cd84708442f441bbb6a3a,9,011000111001111111111111,-0.2369722,1,-0.2369721961617079,0.0002679119563061272,0.0336061774271132,0.9333984375,-0.0005859375,False,False
UQCI-003,QCI-003,heat1d_N20,Heat 1D,2,0,1,20,6a8cd84708442f441bbb6a3a,10,011000111100111111111111,-0.236972,2,-0.23697198092130717,0.00026812719670685214,0.03361967324887087,0.9351562499999999,-0.0005859375,False,False
UQCI-003,QCI-003,heat1d_N20,Heat 1D,2,0,1,20,6a8cd84708442f441bbb6a3a,11,011000110111111111111111,-0.2369715,3,-0.23697140717354787,0.0002687009444661548,0.03365562145652389,0.9322265624999999,-0.0005859375,False,False
UQCI-003,QCI-003,heat1d_N20,Heat 1D,2,0,1,20,6a8cd84708442f441bbb6a3a,12,011001000000111111111111,-0.2369691,2,-0.23696908298517488,0.00027102513283913665,0.03380085252607389,0.9375,-0.0005859375,False,False
UQCI-003,QCI-003,heat1d_N20,Heat 1D,2,0,1,20,6a8cd84708442f441bbb6a3a,13,010111111111000001000000,-0.2368533,1,-0.23685330619499162,0.0003868019230224007,0.040379609159991094,0.8994140625,0.0375,False,False
UQCI-031,QCI-043,kg1d_Nspace10_state20,Klein-Gordon 1D,2,0,1,20,6a8cd8c108442f441bbb6a3b,0,010000000000111011010000,-0.1197267,4,-0.11972666377763837,0.0,0.00030655544079618934,1.0,-0.296875,True,True
UQCI-031,QCI-043,kg1d_Nspace10_state20,Klein-Gordon 1D,2,0,1,20,6a8cd8c108442f441bbb6a3b,1,010000000000111011001111,-0.1197265,1,-0.11972653165547865,1.3212215971281083e-07,0.0010943069784231589,1.0,-0.2978515625,False,True
UQCI-031,QCI-043,kg1d_Nspace10_state20,Klein-Gordon 1D,2,0,1,20,6a8cd8c108442f441bbb6a3b,2,010000000001111011001111,-0.1197264,2,-0.11972641084876558,2.529288727903811e-07,0.0014854388667072099,1.0009765625,-0.2978515625,False,True
UQCI-031,QCI-043,kg1d_Nspace10_state20,Klein-Gordon 1D,2,0,1,20,6a8cd8c108442f441bbb6a3b,3,010000000010111011001111,-0.119726,3,-0.11972604156540424,6.222122341248415e-07,0.0023001989704270636,1.001953125,-0.2978515625,False,True
UQCI-031,QCI-043,kg1d_Nspace10_state20,Klein-Gordon 1D,2,0,1,20,6a8cd8c108442f441bbb6a3b,4,010000000011111011010000,-0.1197254,1,-0.11972535328141705,1.3104962213184024e-06,0.003322605794509239,1.0029296875,-0.296875,False,True
UQCI-031,QCI-043,kg1d_Nspace10_state20,Klein-Gordon 1D,2,0,1,20,6a8cd8c108442f441bbb6a3b,5,010000000100111010111111,-0.1196957,1,-0.11969570967135856,3.0954106279804106e-05,0.016082093769773056,1.00390625,-0.3134765625,False,True
UQCI-031,QCI-043,kg1d_Nspace10_state20,Klein-Gordon 1D,2,0,1,20,6a8cd8c108442f441bbb6a3b,6,010000000101111010111111,-0.1196956,1,-0.11969567573745066,3.098804018770995e-05,0.016090903273350835,1.0048828125,-0.3134765625,False,True
UQCI-031,QCI-043,kg1d_Nspace10_state20,Klein-Gordon 1D,2,0,1,20,6a8cd8c108442f441bbb6a3b,7,010000000110111010111111,-0.1196954,1,-0.11969539332689438,3.127045074398371e-05,0.016164032977509794,1.005859375,-0.3134765625,False,True
UQCI-031,QCI-043,kg1d_Nspace10_state20,Klein-Gordon 1D,2,0,1,20,6a8cd8c108442f441bbb6a3b,8,001111111111111010111111,-0.1196922,1,-0.11969215219117602,3.451158646235186e-05,0.01698078580496012,0.9990234375,-0.3134765625,False,True
UQCI-031,QCI-043,kg1d_Nspace10_state20,Klein-Gordon 1D,2,0,1,20,6a8cd8c108442f441bbb6a3b,9,001111110110111010111111,-0.1196701,1,-0.11967009469800216,5.656907963620672e-05,0.02173888581649591,0.990234375,-0.3134765625,False,True
UQCI-031,QCI-043,kg1d_Nspace10_state20,Klein-Gordon 1D,2,0,1,20,6a8cd8c108442f441bbb6a3b,10,010000011100111010111111,-0.1196263,1,-0.11962631570264459,0.00010034807499377518,0.0289523225255804,1.02734375,-0.3134765625,False,True
UQCI-031,QCI-043,kg1d_Nspace10_state20,Klein-Gordon 1D,2,0,1,20,6a8cd8c108442f441bbb6a3b,11,010000000000111100000000,-0.1194645,2,-0.11946445341310245,0.0002622103645359142,0.04679923822328807,1.0,-0.25,False,True
UQCI-031,QCI-043,kg1d_Nspace10_state20,Klein-Gordon 1D,2,0,1,20,6a8cd8c108442f441bbb6a3b,12,010000110010111100000000,-0.1189885,1,-0.11898853483795983,0.000738128939678534,0.07851885639798926,1.048828125,-0.25,False,True
UQCI-001,QCI-001,heat1d_N20,Heat 1D,1,0,1,20,6a8cda0508442f441bbb6a3c,0,011000111100000000110101,-0.2368816,1,-0.23688157171824173,0.0,0.0002576019542738187,0.9351562499999999,0.031054687499999997,True,True
UQCI-001,QCI-001,heat1d_N20,Heat 1D,1,0,1,20,6a8cda0508442f441bbb6a3c,1,011000111011000000110011,-0.2368813,1,-0.23688129055181376,2.811664279733783e-07,0.0011195124115215755,0.9345703125,0.029882812499999998,False,False
UQCI-001,QCI-001,heat1d_N20,Heat 1D,1,0,1,20,6a8cda0508442f441bbb6a3c,2,011000111100000000110011,-0.2368813,1,-0.23688134831975158,2.2339849015118318e-07,0.0010047087251111228,0.9351562499999999,0.029882812499999998,False,False
UQCI-001,QCI-001,heat1d_N20,Heat 1D,1,0,1,20,6a8cda0508442f441bbb6a3c,3,011000111100000000111000,-0.2368805,1,-0.23688050716880799,1.0645494337435668e-06,0.002135503191031629,0.9351562499999999,0.0328125,False,False
UQCI-001,QCI-001,heat1d_N20,Heat 1D,1,0,1,20,6a8cda0508442f441bbb6a3c,4,011001000000000000110101,-0.23688,2,-0.23688003488696444,1.5368312772934267e-06,0.0025601016408293843,0.9375,0.031054687499999997,False,False
UQCI-001,QCI-001,heat1d_N20,Heat 1D,1,0,1,20,6a8cda0508442f441bbb6a3c,5,011001000000000000111000,-0.2368791,1,-0.23687911777732584,2.4539409158863545e-06,0.0032288876882177867,0.9375,0.0328125,False,False
UQCI-001,QCI-001,heat1d_N20,Heat 1D,1,0,1,20,6a8cda0508442f441bbb6a3c,6,011000111100000000101111,-0.2368786,2,-0.23687866208730116,2.9096309405729492e-06,0.003514174094388857,0.9351562499999999,0.0275390625,False,False
UQCI-001,QCI-001,heat1d_N20,Heat 1D,1,0,1,20,6a8cda0508442f441bbb6a3c,7,011000111011000000101111,-0.2368786,1,-0.23687865346596168,2.9182522800486055e-06,0.003519348620053527,0.9345703125,0.0275390625,False,False
UQCI-001,QCI-001,heat1d_N20,Heat 1D,1,0,1,20,6a8cda0508442f441bbb6a3c,8,011001000000000000101111,-0.2368768,1,-0.23687683037643373,4.7413418080011205e-06,0.004481296782275206,0.9375,0.0275390625,False,False
UQCI-001,QCI-001,heat1d_N20,Heat 1D,1,0,1,20,6a8cda0508442f441bbb6a3c,9,011001000000000001000000,-0.2368684,2,-0.23686846088823216,1.3110830009571695e-05,0.007444056018058958,0.9375,0.0375,False,False
UQCI-001,QCI-001,heat1d_N20,Heat 1D,1,0,1,20,6a8cda0508442f441bbb6a3c,10,011000111001000001000000,-0.2368683,2,-0.23686824476491233,1.3326953329395597e-05,0.007505087513754348,0.9333984375,0.0375,False,False
UQCI-001,QCI-001,heat1d_N20,Heat 1D,1,0,1,20,6a8cda0508442f441bbb6a3c,11,011000111000111111111111,-0.2366147,3,-0.23661473084261894,0.0002668408756227869,0.03356396948551032,0.9328124999999999,-0.0005859375,False,False
UQCI-001,QCI-001,heat1d_N20,Heat 1D,1,0,1,20,6a8cda0508442f441bbb6a3c,12,011001000000111111111111,-0.2366093,1,-0.23660933526140146,0.0002722364568402691,0.033901586887165276,0.9375,-0.0005859375,False,False
UQCI-001,QCI-001,heat1d_N20,Heat 1D,1,0,1,20,6a8cda0508442f441bbb6a3c,13,010111111111111111111111,-0.2363075,1,-0.23630746150807422,0.0005741102101675111,0.04923091734995076,0.8994140625,-0.0005859375,False,False
UQCI-002,QCI-002,heat1d_N20,Heat 1D,1,1,1,20,6a8cda1508442f441bbb6a3d,0,000000110100011000111011,-0.2368815,1,-0.23688148327422057,8.844402116237049e-08,0.0006631190218642052,0.03046875,0.9345703125,False,False
UQCI-002,QCI-002,heat1d_N20,Heat 1D,1,1,1,20,6a8cda1508442f441bbb6a3d,1,000000110011011000111100,-0.2368813,1,-0.23688134831975163,2.2339849009567203e-07,0.0010047087251111243,0.029882812499999998,0.9351562499999999,False,False
UQCI-002,QCI-002,heat1d_N20,Heat 1D,1,1,1,20,6a8cda1508442f441bbb6a3d,2,000000110010011001000000,-0.2368793,1,-0.23687927242000045,2.299298241276171e-06,0.0031261619909955895,0.029296875,0.9375,False,False
UQCI-002,QCI-002,heat1d_N20,Heat 1D,1,1,1,20,6a8cda1508442f441bbb6a3d,3,000000111001011001000000,-0.2368784,1,-0.23687843883486795,3.1328833737798156e-06,0.0036458035930519842,0.033398437499999996,0.9375,False,False
UQCI-002,QCI-002,heat1d_N20,Heat 1D,1,1,1,20,6a8cda1508442f441bbb6a3d,4,000000101111011001000000,-0.2368768,1,-0.23687683037643378,4.741341807945609e-06,0.004481296782275206,0.0275390625,0.9375,False,False
UQCI-002,QCI-002,heat1d_N20,Heat 1D,1,1,1,20,6a8cda1508442f441bbb6a3d,5,000001000000011000111101,-0.2368695,2,-0.23686948798168728,1.2083736554452384e-05,0.007146892750937854,0.0375,0.9357421874999999,False,False
UQCI-002,QCI-002,heat1d_N20,Heat 1D,1,1,1,20,6a8cda1508442f441bbb6a3d,6,000001000000011001000000,-0.2368684,2,-0.23686846088823213,1.311083000959945e-05,0.007444056018058959,0.0375,0.9375,False,False
UQCI-002,QCI-002,heat1d_N20,Heat 1D,1,1,1,20,6a8cda1508442f441bbb6a3d,7,111111111111011000111000,-0.2366147,3,-0.23661473084261914,0.0002668408756225926,0.03356396948551032,-0.0005859375,0.9328124999999999,False,False
UQCI-002,QCI-002,heat1d_N20,Heat 1D,1,1,1,20,6a8cda1508442f441bbb6a3d,8,111111111111011000110111,-0.2366146,4,-0.23661456550196988,0.00026700621627184784,0.03357436576066564,-0.0005859375,0.9322265624999999,False,False
UQCI-002,QCI-002,heat1d_N20,Heat 1D,1,1,1,20,6a8cda1508442f441bbb6a3d,9,111111111111011001000000,-0.2366093,3,-0.23660933526140165,0.0002722364568400748,0.033901586887165276,-0.0005859375,0.9375,False,False
UQCI-002,QCI-002,heat1d_N20,Heat 1D,1,1,1,20,6a8cda1508442f441bbb6a3d,10,111111111111010111111111,-0.2363075,1,-0.23630746150807452,0.0005741102101672058,0.04923091734995076,-0.0005859375,0.8994140625,False,False
UQCI-004,QCI-004,heat1d_N20,Heat 1D,2,1,1,20,6a8cda2508442f441bbb6a3e,0,000000110011011000111100,-0.2368813,1,-0.23688133153937194,2.4421194994017625e-07,0.001039364375810681,0.029882812499999998,0.9351562499999999,False,False
UQCI-004,QCI-004,heat1d_N20,Heat 1D,2,1,1,20,6a8cda2508442f441bbb6a3e,1,000000110101011001000000,-0.23688,1,-0.2368800375040997,1.5382472221825427e-06,0.0025579429484099856,0.031054687499999997,0.9375,False,False
UQCI-004,QCI-004,heat1d_N20,Heat 1D,2,1,1,20,6a8cda2508442f441bbb6a3e,2,000000110110011001000000,-0.2368799,2,-0.23687992940820765,1.6463431142255125e-06,0.00264563809574839,0.031640625,0.9375,False,False
UQCI-004,QCI-004,heat1d_N20,Heat 1D,2,1,1,20,6a8cda2508442f441bbb6a3e,3,000000111000011001000000,-0.2368791,1,-0.23687915457292466,2.421178397216117e-06,0.003204743734373846,0.0328125,0.9375,False,False
UQCI-004,QCI-004,heat1d_N20,Heat 1D,2,1,1,20,6a8cda2508442f441bbb6a3e,4,000000110001011001000000,-0.2368786,1,-0.2368786077426717,2.968008650183762e-06,0.0035466655359620764,0.0287109375,0.9375,False,False
UQCI-004,QCI-004,heat1d_N20,Heat 1D,2,1,1,20,6a8cda2508442f441bbb6a3e,5,000001000000011000111101,-0.2368696,2,-0.2368696350276287,1.194072369317678e-05,0.007103331530590201,0.0375,0.9357421874999999,False,False
UQCI-004,QCI-004,heat1d_N20,Heat 1D,2,1,1,20,6a8cda2508442f441bbb6a3e,6,000001000000011000111011,-0.2368694,2,-0.23686938751339645,1.2188237925425671e-05,0.007176503657088146,0.0375,0.9345703125,False,False
UQCI-004,QCI-004,heat1d_N20,Heat 1D,2,1,1,20,6a8cda2508442f441bbb6a3e,7,000001000000011001000000,-0.2368686,5,-0.23686860665180828,1.2969099513593374e-05,0.0074026094296981955,0.0375,0.9375,False,False
UQCI-004,QCI-004,heat1d_N20,Heat 1D,2,1,1,20,6a8cda2508442f441bbb6a3e,8,111111111111011000111000,-0.2366147,4,-0.23661474167812596,0.0002668340731959151,0.033563288059020854,-0.0005859375,0.9328124999999999,False,False
UQCI-004,QCI-004,heat1d_N20,Heat 1D,2,1,1,20,6a8cda2508442f441bbb6a3e,9,111111111111011000110111,-0.2366145,1,-0.23661457633079794,0.000266999420523939,0.033573684965087815,-0.0005859375,0.9322265624999999,False,False
UQCI-005,QCI-005,heat1d_N20,Heat 1D,3,0,1,20,6a8cda3408442f441bbb6a3f,0,011000111110000000110101,-0.2372401,2,-0.23724010854290953,0.0,0.00029860016736195545,0.936328125,0.031054687499999997,True,True
UQCI-005,QCI-005,heat1d_N20,Heat 1D,3,0,1,20,6a8cda3408442f441bbb6a3f,1,011001000000000000110101,-0.2372396,3,-0.23723961482711134,4.937157981887985e-07,0.0014731743002269354,0.9375,0.031054687499999997,False,False
UQCI-005,QCI-005,heat1d_N20,Heat 1D,3,0,1,20,6a8cda3408442f441bbb6a3f,2,011000111011000000110100,-0.2372395,1,-0.23723945495106377,6.535918457561962e-07,0.0016864584786483194,0.9345703125,0.03046875,False,False
UQCI-005,QCI-005,heat1d_N20,Heat 1D,3,0,1,20,6a8cda3408442f441bbb6a3f,3,011000111100000000101111,-0.237237,1,-0.23723700629321098,3.102249698544446e-06,0.003628439629208149,0.9351562499999999,0.0275390625,False,False
UQCI-005,QCI-005,heat1d_N20,Heat 1D,3,0,1,20,6a8cda3408442f441bbb6a3f,4,011000111111000001000000,-0.2372282,1,-0.2372281104037914,1.1998139118118978e-05,0.0071177931946772195,0.9369140625,0.0375,False,False
UQCI-005,QCI-005,heat1d_N20,Heat 1D,3,0,1,20,6a8cda3408442f441bbb6a3f,5,011001000000000001000000,-0.2372279,3,-0.23722790558184828,1.2202961061247297e-05,0.007178184506908786,0.9375,0.0375,False,False
UQCI-005,QCI-005,heat1d_N20,Heat 1D,3,0,1,20,6a8cda3408442f441bbb6a3f,6,011000111001111111111111,-0.2369722,1,-0.236972196584894,0.0002679119580155376,0.03360617749622237,0.9333984375,-0.0005859375,False,False
UQCI-005,QCI-005,heat1d_N20,Heat 1D,3,0,1,20,6a8cda3408442f441bbb6a3f,7,011000110111111111111111,-0.2369715,2,-0.23697140759597024,0.0002687009469392876,0.03365562157325159,0.9322265624999999,-0.0005859375,False,False
UQCI-005,QCI-005,heat1d_N20,Heat 1D,3,0,1,20,6a8cda3408442f441bbb6a3f,8,011001000000111111111111,-0.2369691,5,-0.2369690834110375,0.0002710251318720214,0.03380085242753998,0.9375,-0.0005859375,False,False
UQCI-005,QCI-005,heat1d_N20,Heat 1D,3,0,1,20,6a8cda3408442f441bbb6a3f,9,010111111111000000110000,-0.2368757,1,-0.2368756526415537,0.00036445590135583683,0.03919593418482382,0.8994140625,0.028124999999999997,False,False
UQCI-006,QCI-006,heat1d_N20,Heat 1D,3,1,1,20,6a8cda4408442f441bbb6a40,0,000000110101011000111100,-0.2368816,1,-0.23688157575132632,0.0,0.00022211039231366408,0.031054687499999997,0.9351562499999999,True,True
UQCI-006,QCI-006,heat1d_N20,Heat 1D,3,1,1,20,6a8cda4408442f441bbb6a40,1,000000110100011000111011,-0.2368815,1,-0.2368814770453089,9.870601741512885e-08,0.0006826582625598583,0.03046875,0.9345703125,False,False
UQCI-006,QCI-006,heat1d_N20,Heat 1D,3,1,1,20,6a8cda4408442f441bbb6a40,2,000000110101011000111011,-0.2368815,1,-0.236881493764076,8.198725032215748e-08,0.00062884315938597,0.031054687499999997,0.9345703125,False,False
UQCI-006,QCI-006,heat1d_N20,Heat 1D,3,1,1,20,6a8cda4408442f441bbb6a40,3,000000110101011001000000,-0.23688,1,-0.23688003750410247,1.5382472238478773e-06,0.0025579429461567472,0.031054687499999997,0.9375,False,False
UQCI-006,QCI-006,heat1d_N20,Heat 1D,3,1,1,20,6a8cda4408442f441bbb6a40,4,000000110010011001000000,-0.2368792,1,-0.2368792445047448,2.33124658152728e-06,0.0031449536661647777,0.029296875,0.9375,False,False
UQCI-006,QCI-006,heat1d_N20,Heat 1D,3,1,1,20,6a8cda4408442f441bbb6a40,5,000001000000011001000000,-0.2368686,4,-0.2368686066519803,1.2969099346005208e-05,0.007402609380670298,0.0375,0.9375,False,False
UQCI-006,QCI-006,heat1d_N20,Heat 1D,3,1,1,20,6a8cda4408442f441bbb6a40,6,111111111111011000111000,-0.2366147,5,-0.23661474167813895,0.0002668340731873664,0.033563288058214534,-0.0005859375,0.9328124999999999,False,False
UQCI-006,QCI-006,heat1d_N20,Heat 1D,3,1,1,20,6a8cda4408442f441bbb6a40,7,111111111111011001000000,-0.2366093,5,-0.23660934615035348,0.00027222960097283977,0.0339009089193561,-0.0005859375,0.9375,False,False
UQCI-006,QCI-006,heat1d_N20,Heat 1D,3,1,1,20,6a8cda4408442f441bbb6a40,8,000000110001010111111111,-0.2365368,1,-0.23653682365072515,0.00034475210060117,0.038150055023267855,0.0287109375,0.8994140625,False,False
UQCI-007,QCI-007,heat1d_N20,Heat 1D,4,0,1,20,6a8cda5408442f441bbb6a41,0,011000111101000000110101,-0.2372401,1,-0.2372400756562809,3.2886629086625874e-08,0.00047726696489254825,0.9357421874999999,0.031054687499999997,False,False
UQCI-007,QCI-007,heat1d_N20,Heat 1D,4,0,1,20,6a8cda5408442f441bbb6a41,1,011001000000000000110101,-0.2372396,1,-0.23723961482711184,4.937157981610429e-07,0.001473174300225171,0.9375,0.031054687499999997,False,False
UQCI-007,QCI-007,heat1d_N20,Heat 1D,4,0,1,20,6a8cda5408442f441bbb6a41,2,011001000000000000110011,-0.2372393,1,-0.23723931405364385,7.94489266153775e-07,0.0018541964129939296,0.9375,0.029882812499999998,False,False
UQCI-007,QCI-007,heat1d_N20,Heat 1D,4,0,1,20,6a8cda5408442f441bbb6a41,3,011000111110000000101111,-0.2372371,2,-0.23723711098013212,2.9975627778844327e-06,0.0035671142784247005,0.936328125,0.0275390625,False,False
UQCI-007,QCI-007,heat1d_N20,Heat 1D,4,0,1,20,6a8cda5408442f441bbb6a41,4,011000111111000001000000,-0.2372282,2,-0.23722811040379188,1.1998139118118978e-05,0.007117793194677086,0.9369140625,0.0375,False,False
UQCI-007,QCI-007,heat1d_N20,Heat 1D,4,0,1,20,6a8cda5408442f441bbb6a41,5,011001000000000001000000,-0.2372279,4,-0.23722790558184878,1.2202961061219542e-05,0.007178184506908518,0.9375,0.0375,False,False
UQCI-007,QCI-007,heat1d_N20,Heat 1D,4,0,1,20,6a8cda5408442f441bbb6a41,6,011000111010111111111111,-0.2369723,4,-0.2369723113348282,0.0002677972080817881,0.033598980327470156,0.933984375,-0.0005859375,False,False
UQCI-007,QCI-007,heat1d_N20,Heat 1D,4,0,1,20,6a8cda5408442f441bbb6a41,7,011000110111111111111111,-0.2369715,2,-0.23697140759597057,0.00026870094693942637,0.03365562157325174,0.9322265624999999,-0.0005859375,False,False
UQCI-007,QCI-007,heat1d_N20,Heat 1D,4,0,1,20,6a8cda5408442f441bbb6a41,8,011001000000111111111111,-0.2369691,3,-0.23696908341103795,0.00027102513187204913,0.033800852427539864,0.9375,-0.0005859375,False,False
UQCI-008,QCI-008,heat1d_N20,Heat 1D,4,1,1,20,6a8cda6608442f441bbb6a42,0,000000110100011000111011,-0.2368815,2,-0.2368814770453089,9.870601741512885e-08,0.0006826582625598891,0.03046875,0.9345703125,False,False
UQCI-008,QCI-008,heat1d_N20,Heat 1D,4,1,1,20,6a8cda6608442f441bbb6a42,1,000000110101011000111011,-0.2368815,1,-0.236881493764076,8.198725032215748e-08,0.0006288431593859491,0.031054687499999997,0.9345703125,False,False
UQCI-008,QCI-008,heat1d_N20,Heat 1D,4,1,1,20,6a8cda6608442f441bbb6a42,2,000000110011011000111011,-0.2368813,1,-0.23688127411204266,3.0163928366189197e-07,0.0011500907955293658,0.029882812499999998,0.9345703125,False,False
UQCI-008,QCI-008,heat1d_N20,Heat 1D,4,1,1,20,6a8cda6608442f441bbb6a42,3,000000111000011000111100,-0.2368805,1,-0.23688054546054457,1.0302907817449913e-06,0.0020973136641636086,0.0328125,0.9351562499999999,False,False
UQCI-008,QCI-008,heat1d_N20,Heat 1D,4,1,1,20,6a8cda6608442f441bbb6a42,4,000000111000011001000000,-0.2368791,1,-0.23687915457296788,2.421178358441578e-06,0.003204743705966434,0.0328125,0.9375,False,False
UQCI-008,QCI-008,heat1d_N20,Heat 1D,4,1,1,20,6a8cda6608442f441bbb6a42,5,000000101111011000111100,-0.2368786,1,-0.23687860854141304,2.967209913273816e-06,0.0035461901418775417,0.0275390625,0.9351562499999999,False,False
UQCI-008,QCI-008,heat1d_N20,Heat 1D,4,1,1,20,6a8cda6608442f441bbb6a42,6,000000101111011001000000,-0.2368768,1,-0.23687677557489484,4.800176431479786e-06,0.004507035229562823,0.0275390625,0.9375,False,False
UQCI-008,QCI-008,heat1d_N20,Heat 1D,4,1,1,20,6a8cda6608442f441bbb6a42,7,000001000000011001000000,-0.2368686,2,-0.2368686066519803,1.2969099346005208e-05,0.007402609380670235,0.0375,0.9375,False,False
UQCI-008,QCI-008,heat1d_N20,Heat 1D,4,1,1,20,6a8cda6608442f441bbb6a42,8,111111111111011000111000,-0.2366147,3,-0.23661474167813912,0.00026683407318719987,0.033563288058214534,-0.0005859375,0.9328124999999999,False,False
UQCI-008,QCI-008,heat1d_N20,Heat 1D,4,1,1,20,6a8cda6608442f441bbb6a42,9,111111111111011000110111,-0.2366145,4,-0.23661457633081087,0.0002669994205154458,0.033573684964282244,-0.0005859375,0.9322265624999999,False,False
UQCI-008,QCI-008,heat1d_N20,Heat 1D,4,1,1,20,6a8cda6608442f441bbb6a42,10,111111111111011001000000,-0.2366093,2,-0.23660934615035364,0.00027222960097267324,0.0339009089193561,-0.0005859375,0.9375,False,False
UQCI-008,QCI-008,heat1d_N20,Heat 1D,4,1,1,20,6a8cda6608442f441bbb6a42,11,111111111111010111111111,-0.2363074,1,-0.23630747196289192,0.0005741037884343936,0.04923046910110956,-0.0005859375,0.8994140625,False,False
UQCI-009,QCI-021,poisson2d_10x2,Poisson 2D,1,0,1,20,6a8cda7608442f441bbb6a43,0,000110001010000000001110,-0.0266863,1,-0.026686266478684377,0.0,0.0012441881491119654,0.00384765625,0.00013671875,True,True
UQCI-009,QCI-021,poisson2d_10x2,Poisson 2D,1,0,1,20,6a8cda7608442f441bbb6a43,1,000110001010000000001101,-0.0266862,1,-0.02668622256971943,4.390896494663177e-08,0.0017870026436707603,0.00384765625,0.000126953125,False,False
UQCI-009,QCI-021,poisson2d_10x2,Poisson 2D,1,0,1,20,6a8cda7608442f441bbb6a43,2,000110001010000000010000,-0.0266853,2,-0.026685320805862615,9.456728217623056e-07,0.006081499354551805,0.00384765625,0.00015625,False,False
UQCI-009,QCI-021,poisson2d_10x2,Poisson 2D,1,0,1,20,6a8cda7608442f441bbb6a43,3,000110000111000000001110,-0.0266844,1,-0.02668436188629158,1.9045923927984987e-06,0.008539183340936441,0.003818359375,0.00013671875,False,False
UQCI-009,QCI-021,poisson2d_10x2,Poisson 2D,1,0,1,20,6a8cda7608442f441bbb6a43,4,000110010000000000001110,-0.0266808,1,-0.026680774246704377,5.492231980000484e-06,0.014399830478094242,0.00390625,0.00013671875,False,False
UQCI-009,QCI-021,poisson2d_10x2,Poisson 2D,1,0,1,20,6a8cda7608442f441bbb6a43,5,000110010000000000010000,-0.0266801,1,-0.026680114428803085,6.152049881292393e-06,0.015234174678170082,0.00390625,0.00015625,False,False
UQCI-009,QCI-021,poisson2d_10x2,Poisson 2D,1,0,1,20,6a8cda7608442f441bbb6a43,6,000101111111000000001101,-0.0266643,2,-0.02666434323359784,2.192324508653795e-05,0.028689102693222827,0.003740234375,0.000126953125,False,False
UQCI-009,QCI-021,poisson2d_10x2,Poisson 2D,1,0,1,20,6a8cda7608442f441bbb6a43,7,000110001001111111111111,-0.0266496,3,-0.02664950261933825,3.6763859346127664e-05,0.03713728648111189,0.003837890625,-0.000009765625,False,False
UQCI-009,QCI-021,poisson2d_10x2,Poisson 2D,1,0,1,20,6a8cda7608442f441bbb6a43,8,000110001010111111111111,-0.0266495,1,-0.02664943566790141,3.6830810782966655e-05,0.03717104892526368,0.00384765625,-0.000009765625,False,False
UQCI-009,QCI-021,poisson2d_10x2,Poisson 2D,1,0,1,20,6a8cda7608442f441bbb6a43,9,000110000111111111111111,-0.0266486,1,-0.026648603031460393,3.766344722398382e-05,0.037588399327146804,0.003818359375,-0.000009765625,False,False
UQCI-009,QCI-021,poisson2d_10x2,Poisson 2D,1,0,1,20,6a8cda7608442f441bbb6a43,10,000101111111111111111111,-0.0266312,5,-0.026631224803259145,5.5041675425231834e-05,0.045432275778724496,0.003740234375,-0.000009765625,False,False
UQCI-009,QCI-021,poisson2d_10x2,Poisson 2D,1,0,1,20,6a8cda7608442f441bbb6a43,11,111111111111111111101111,0.0001052,1,0.00010531730540455438,0.02679158378408893,1.0019713030796487,-0.000009765625,-0.000166015625,False,False
UQCI-010,QCI-022,poisson2d_10x2,Poisson 2D,1,1,1,20,6a8cda8608442f441bbb6a44,0,000000001110000110001010,-0.0266863,1,-0.02668626647868438,0.0,0.001244188149111888,0.00013671875,0.00384765625,True,True
UQCI-010,QCI-022,poisson2d_10x2,Poisson 2D,1,1,1,20,6a8cda8608442f441bbb6a44,1,000000001101000110001010,-0.0266862,1,-0.026686222569719434,4.390896494663177e-08,0.0017870026436707174,0.000126953125,0.00384765625,False,False
UQCI-010,QCI-022,poisson2d_10x2,Poisson 2D,1,1,1,20,6a8cda8608442f441bbb6a44,2,000000001110000110001100,-0.0266858,1,-0.0266858137223601,4.5275632427899115e-07,0.004302774713979008,0.00013671875,0.0038671875,False,False
UQCI-010,QCI-022,poisson2d_10x2,Poisson 2D,1,1,1,20,6a8cda8608442f441bbb6a44,3,000000010000000110001010,-0.0266853,1,-0.026685320805862615,9.45672821765775e-07,0.006081499354551802,0.00015625,0.00384765625,False,False
UQCI-010,QCI-022,poisson2d_10x2,Poisson 2D,1,1,1,20,6a8cda8608442f441bbb6a44,4,000000010000000110001100,-0.026685,1,-0.026684963334511824,1.303144172556947e-06,0.007097883053957362,0.00015625,0.0038671875,False,False
UQCI-010,QCI-022,poisson2d_10x2,Poisson 2D,1,1,1,20,6a8cda8608442f441bbb6a44,5,000000001110000110010000,-0.0266808,1,-0.026680774246704383,5.492231979997014e-06,0.014399830478094242,0.00013671875,0.00390625,False,False
UQCI-010,QCI-022,poisson2d_10x2,Poisson 2D,1,1,1,20,6a8cda8608442f441bbb6a44,6,000000010000000110010000,-0.0266801,3,-0.02668011442880308,6.152049881299332e-06,0.015234174678170082,0.00015625,0.00390625,False,False
UQCI-010,QCI-022,poisson2d_10x2,Poisson 2D,1,1,1,20,6a8cda8608442f441bbb6a44,7,000000001011000101111111,-0.0266637,1,-0.026663745992270414,2.252048641396623e-05,0.029076531417283093,0.000107421875,0.003740234375,False,False
UQCI-010,QCI-022,poisson2d_10x2,Poisson 2D,1,1,1,20,6a8cda8608442f441bbb6a44,8,000000010100000101111111,-0.0266556,2,-0.026655581925350724,3.0684553333656245e-05,0.033931870866548815,0.0001953125,0.003740234375,False,False
UQCI-010,QCI-022,poisson2d_10x2,Poisson 2D,1,1,1,20,6a8cda8608442f441bbb6a44,9,111111111111000110001001,-0.0266495,2,-0.026649502619338395,3.676385934598542e-05,0.03713728648111189,-0.000009765625,0.003837890625,False,False
UQCI-010,QCI-022,poisson2d_10x2,Poisson 2D,1,1,1,20,6a8cda8608442f441bbb6a44,10,111111111111000110001010,-0.0266494,1,-0.02664943566790142,3.6830810782959716e-05,0.03717104892526368,-0.000009765625,0.00384765625,False,False
UQCI-010,QCI-022,poisson2d_10x2,Poisson 2D,1,1,1,20,6a8cda8608442f441bbb6a44,11,111111111111000110000111,-0.0266486,1,-0.026648603031460414,3.766344722396647e-05,0.037588399327146804,-0.000009765625,0.003818359375,False,False
UQCI-010,QCI-022,poisson2d_10x2,Poisson 2D,1,1,1,20,6a8cda8608442f441bbb6a44,12,111111111111000101111111,-0.0266312,2,-0.026631224803259204,5.504167542517632e-05,0.045432275778724496,-0.000009765625,0.003740234375,False,False
UQCI-010,QCI-022,poisson2d_10x2,Poisson 2D,1,1,1,20,6a8cda8608442f441bbb6a44,13,000000010110001000000000,-0.0243123,1,-0.024312253590371046,0.0023740128883133343,0.2982641590271628,0.00021484375,0.005,False,False
UQCI-010,QCI-022,poisson2d_10x2,Poisson 2D,1,1,1,20,6a8cda8608442f441bbb6a44,14,000000000000111111111111,0.0001357,1,0.00013568865519924045,0.02682195513388362,1.002539066352599,0.0,-0.000009765625,False,False
UQCI-011,QCI-023,poisson2d_10x2,Poisson 2D,2,0,1,20,6a8cda9508442f441bbb6a45,0,000111111000000000011011,-0.0403593,3,-0.040359337650132145,0.0,0.0007231244932332253,0.004921875,0.000263671875,True,True
UQCI-011,QCI-023,poisson2d_10x2,Poisson 2D,2,0,1,20,6a8cda9508442f441bbb6a45,1,000111110111000000011011,-0.0403591,4,-0.04035906853836301,2.6911176913280155e-07,0.002681566545999078,0.004912109375,0.000263671875,False,False
UQCI-011,QCI-023,poisson2d_10x2,Poisson 2D,2,0,1,20,6a8cda9508442f441bbb6a45,2,000111111000000000100000,-0.0403555,1,-0.0403554778051044,3.859845027744113e-06,0.009806112152888034,0.004921875,0.0003125,False,False
UQCI-011,QCI-023,poisson2d_10x2,Poisson 2D,2,0,1,20,6a8cda9508442f441bbb6a45,3,000111110111000000100000,-0.040355,1,-0.040355037031541904,4.300618590240279e-06,0.010347997810464566,0.004912109375,0.0003125,False,False
UQCI-011,QCI-023,poisson2d_10x2,Poisson 2D,2,0,1,20,6a8cda9508442f441bbb6a45,4,000111110110000000100000,-0.0403543,1,-0.04035427616690798,5.061483224162722e-06,0.011222001003718384,0.0049023437500000005,0.0003125,False,False
UQCI-011,QCI-023,poisson2d_10x2,Poisson 2D,2,0,1,20,6a8cda9508442f441bbb6a45,5,001000000000000000011011,-0.04035,4,-0.04034996726570504,9.370384427102862e-06,0.015254398637482446,0.005,0.000263671875,False,False
UQCI-011,QCI-023,poisson2d_10x2,Poisson 2D,2,0,1,20,6a8cda9508442f441bbb6a45,6,001000000000000000100000,-0.0403475,3,-0.040347480715024205,1.1856935107940059e-05,0.017155376420641237,0.005,0.0003125,False,False
UQCI-011,QCI-023,poisson2d_10x2,Poisson 2D,2,0,1,20,6a8cda9508442f441bbb6a45,7,000111110101111111111111,-0.0402341,1,-0.040234187016800226,0.00012515063333191911,0.05569048650355071,0.004892578125,-0.000009765625,False,False
UQCI-011,QCI-023,poisson2d_10x2,Poisson 2D,2,0,1,20,6a8cda9508442f441bbb6a45,8,000111110110111111111111,-0.0402341,1,-0.040234135004669845,0.00012520264546229953,0.05570205572864047,0.0049023437500000005,-0.000009765625,False,False
UQCI-011,QCI-023,poisson2d_10x2,Poisson 2D,2,0,1,20,6a8cda9508442f441bbb6a45,9,000111101111111111111111,-0.0402277,1,-0.04022777717707945,0.00013156047305269702,0.05709859414715715,0.004833984375,-0.000009765625,False,False
UQCI-012,QCI-024,poisson2d_10x2,Poisson 2D,2,1,1,20,6a8cdb5008442f441bbb6a46,0,000000011100000111111000,-0.0403592,2,-0.04035920586326987,1.317868622771612e-07,0.001946341417568574,0.0002734375,0.004921875,False,False
UQCI-012,QCI-024,poisson2d_10x2,Poisson 2D,2,1,1,20,6a8cdb5008442f441bbb6a46,1,000000011011000111110111,-0.0403591,1,-0.040359068538363005,2.6911176913974044e-07,0.002681566545998967,0.000263671875,0.004912109375,False,False
UQCI-012,QCI-024,poisson2d_10x2,Poisson 2D,2,1,1,20,6a8cdb5008442f441bbb6a46,2,000000100000000111111001,-0.0403556,2,-0.040355598487595054,3.739162537090557e-06,0.00965244202968204,0.0003125,0.004931640625,False,False
UQCI-012,QCI-024,poisson2d_10x2,Poisson 2D,2,1,1,20,6a8cdb5008442f441bbb6a46,3,000000011100001000000000,-0.0403501,2,-0.04035011013771213,9.227512420016681e-06,0.015137921945773227,0.0002734375,0.005,False,False
UQCI-012,QCI-024,poisson2d_10x2,Poisson 2D,2,1,1,20,6a8cdb5008442f441bbb6a46,4,000000100000001000000000,-0.0403475,1,-0.040347480715024205,1.1856935107940059e-05,0.017155376420641237,0.0003125,0.005,False,False
UQCI-012,QCI-024,poisson2d_10x2,Poisson 2D,2,1,1,20,6a8cdb5008442f441bbb6a46,5,111111111111000111110101,-0.040234,4,-0.04023418701680045,0.00012515063333169707,0.05569048650355071,-0.000009765625,0.004892578125,False,False
UQCI-012,QCI-024,poisson2d_10x2,Poisson 2D,2,1,1,20,6a8cdb5008442f441bbb6a46,6,111111111111000111110110,-0.040234,4,-0.04023413500467009,0.00012520264546205667,0.05570205572864047,-0.000009765625,0.0049023437500000005,False,False
UQCI-012,QCI-024,poisson2d_10x2,Poisson 2D,2,1,1,20,6a8cdb5008442f441bbb6a46,7,111111111111000111111000,-0.040233,2,-0.04023307070719403,0.00012626694293811636,0.05593826541215346,-0.000009765625,0.004921875,False,False
UQCI-012,QCI-024,poisson2d_10x2,Poisson 2D,2,1,1,20,6a8cdb5008442f441bbb6a46,8,111111111111001000000000,-0.0402159,1,-0.040216009874425494,0.00014332777570665034,0.059597085713019415,-0.000009765625,0.005,False,False
UQCI-012,QCI-024,poisson2d_10x2,Poisson 2D,2,1,1,20,6a8cdb5008442f441bbb6a46,9,000000000000111111111111,0.0001607,1,0.00016066803818616605,0.04052000568831831,1.001988491124769,0.0,-0.000009765625,False,False
UQCI-013,QCI-025,poisson2d_10x2,Poisson 2D,3,0,1,20,6a8cdb6008442f441bbb6a47,0,001000100100000000100110,-0.0460773,2,-0.046077257603340256,0.0,0.001076842989041621,0.0053515625,0.00037109375,True,True
UQCI-013,QCI-025,poisson2d_10x2,Poisson 2D,3,0,1,20,6a8cdb6008442f441bbb6a47,1,001000100011000000100110,-0.0460772,2,-0.046077213526808665,4.407653159121949e-08,0.0014547056746524731,0.005341796875,0.00037109375,False,False
UQCI-013,QCI-025,poisson2d_10x2,Poisson 2D,3,0,1,20,6a8cdb6008442f441bbb6a47,2,001000100110000000101000,-0.0460757,1,-0.046075701980163204,1.5556231770519346e-06,0.005909377671291867,0.00537109375,0.000390625,False,False
UQCI-013,QCI-025,poisson2d_10x2,Poisson 2D,3,0,1,20,6a8cdb6008442f441bbb6a47,3,001000100000000000100101,-0.0460753,1,-0.04607535297823499,1.9046251052631802e-06,0.0065188199101317,0.0053125,0.000361328125,False,False
UQCI-013,QCI-025,poisson2d_10x2,Poisson 2D,3,0,1,20,6a8cdb6008442f441bbb6a47,4,001000011111000000100011,-0.0460735,1,-0.0460735384118893,3.7191914509585033e-06,0.009048531427762685,0.005302734375,0.00034179687500000003,False,False
UQCI-013,QCI-025,poisson2d_10x2,Poisson 2D,3,0,1,20,6a8cdb6008442f441bbb6a47,5,001000011111000000101000,-0.0460726,1,-0.04607261602794737,4.641575392885788e-06,0.010094260833477456,0.005302734375,0.000390625,False,False
UQCI-013,QCI-025,poisson2d_10x2,Poisson 2D,3,0,1,20,6a8cdb6008442f441bbb6a47,6,001000100100000000011111,-0.0460705,1,-0.0460705144121593,6.743191180956509e-06,0.012145153142674999,0.0053515625,0.000302734375,False,False
UQCI-013,QCI-025,poisson2d_10x2,Poisson 2D,3,0,1,20,6a8cdb6008442f441bbb6a47,7,001000011111000000011111,-0.0460687,1,-0.046068665526363156,8.592076977100016e-06,0.01369782742053811,0.005302734375,0.000302734375,False,False
UQCI-013,QCI-025,poisson2d_10x2,Poisson 2D,3,0,1,20,6a8cdb6008442f441bbb6a47,8,000111111111000000100001,-0.0458726,4,-0.04587263776585098,0.00020461983748927548,0.06664798119940116,0.004990234375,0.000322265625,False,False
UQCI-013,QCI-025,poisson2d_10x2,Poisson 2D,3,0,1,20,6a8cdb6008442f441bbb6a47,9,000111111111000000011111,-0.0458723,1,-0.04587229992025144,0.00020495768308881335,0.06670296503573492,0.004990234375,0.000302734375,False,False
UQCI-013,QCI-025,poisson2d_10x2,Poisson 2D,3,0,1,20,6a8cdb6008442f441bbb6a47,10,001000100000111111111111,-0.0458498,1,-0.04584976926569259,0.00022748833764766468,0.07027275841228625,0.0053125,-0.000009765625,False,False
UQCI-013,QCI-025,poisson2d_10x2,Poisson 2D,3,0,1,20,6a8cdb6008442f441bbb6a47,11,000111111111111111111111,-0.0456973,4,-0.04569732376745525,0.000379933835885006,0.09081152283734904,0.004990234375,-0.000009765625,False,False
UQCI-014,QCI-026,poisson2d_10x2,Poisson 2D,3,1,1,20,6a8cdb7008442f441bbb6a48,0,000000100101001000100011,-0.0460772,1,-0.04607722787743628,2.972590397443131e-08,0.0013433993728446023,0.000361328125,0.005341796875,False,False
UQCI-014,QCI-026,poisson2d_10x2,Poisson 2D,3,1,1,20,6a8cdb7008442f441bbb6a48,1,000000100101001000100100,-0.0460772,1,-0.04607722942242768,2.818091257572597e-08,0.0013308611706965706,0.000361328125,0.0053515625,False,False
UQCI-014,QCI-026,poisson2d_10x2,Poisson 2D,3,1,1,20,6a8cdb7008442f441bbb6a48,2,000000100110001000100011,-0.0460772,1,-0.046077213526808665,4.407653159121949e-08,0.0014547056746523907,0.00037109375,0.005341796875,False,False
UQCI-014,QCI-026,poisson2d_10x2,Poisson 2D,3,1,1,20,6a8cdb7008442f441bbb6a48,3,000000100111001000011111,-0.0460734,1,-0.046073423926144594,3.833677195662355e-06,0.00918480079569667,0.000380859375,0.005302734375,False,False
UQCI-014,QCI-026,poisson2d_10x2,Poisson 2D,3,1,1,20,6a8cdb7008442f441bbb6a48,4,000000101000001000011111,-0.0460726,1,-0.04607261602794737,4.641575392885788e-06,0.010094260833477359,0.000390625,0.005302734375,False,False
UQCI-014,QCI-026,poisson2d_10x2,Poisson 2D,3,1,1,20,6a8cdb7008442f441bbb6a48,5,000000011111001000011111,-0.0460687,1,-0.04606866552636315,8.592076977106955e-06,0.013697827420538109,0.000302734375,0.005302734375,False,False
UQCI-014,QCI-026,poisson2d_10x2,Poisson 2D,3,1,1,20,6a8cdb7008442f441bbb6a48,6,000001000000001000100111,-0.0459702,1,-0.045970159275319715,0.0001070983280205412,0.04822320697016407,0.000625,0.005380859375,False,False
UQCI-014,QCI-026,poisson2d_10x2,Poisson 2D,3,1,1,20,6a8cdb7008442f441bbb6a48,7,000001000000001000011111,-0.0459597,1,-0.04595971325988808,0.00011754434345217363,0.050519144519604105,0.000625,0.005302734375,False,False
UQCI-014,QCI-026,poisson2d_10x2,Poisson 2D,3,1,1,20,6a8cdb7008442f441bbb6a48,8,000000100001001001000000,-0.0459427,1,-0.045942724773001015,0.00013453283033924152,0.05404515925146781,0.000322265625,0.005625,False,False
UQCI-014,QCI-026,poisson2d_10x2,Poisson 2D,3,1,1,20,6a8cdb7008442f441bbb6a48,9,000000100000000111111111,-0.0458726,1,-0.045872624698403405,0.00020463290493685088,0.06665010874909696,0.0003125,0.004990234375,False,False
UQCI-014,QCI-026,poisson2d_10x2,Poisson 2D,3,1,1,20,6a8cdb7008442f441bbb6a48,10,000000100001000111111111,-0.0458726,1,-0.045872637765850974,0.00020461983748928242,0.06664798119940116,0.000322265625,0.004990234375,False,False
UQCI-014,QCI-026,poisson2d_10x2,Poisson 2D,3,1,1,20,6a8cdb7008442f441bbb6a48,11,000000011111000111111111,-0.0458723,1,-0.045872299920251436,0.00020495768308882029,0.06670296503573492,0.000302734375,0.004990234375,False,False
UQCI-014,QCI-026,poisson2d_10x2,Poisson 2D,3,1,1,20,6a8cdb7008442f441bbb6a48,12,111111111111001000011110,-0.0458502,3,-0.045850193176424414,0.000227064426915842,0.0702072687573726,-0.000009765625,0.00529296875,False,False
UQCI-014,QCI-026,poisson2d_10x2,Poisson 2D,3,1,1,20,6a8cdb7008442f441bbb6a48,13,111111111111001000100000,-0.0458498,1,-0.04584976926569258,0.00022748833764767856,0.07027275841228625,-0.000009765625,0.0053125,False,False
UQCI-014,QCI-026,poisson2d_10x2,Poisson 2D,3,1,1,20,6a8cdb7008442f441bbb6a48,14,111111111111000111111111,-0.0456974,4,-0.04569732376745519,0.00037993383588506846,0.09081152283734904,-0.000009765625,0.004990234375,False,False
UQCI-016,QCI-028,poisson2d_10x2,Poisson 2D,4,1,1,20,6a8cdb8008442f441bbb6a49,0,000000101101001000111000,-0.0486427,1,-0.048642677468586096,1.1969733346856026e-07,0.0016074566831343435,0.000439453125,0.005546875,False,False
UQCI-016,QCI-028,poisson2d_10x2,Poisson 2D,4,1,1,20,6a8cdb8008442f441bbb6a49,1,000000101110001000111000,-0.0486425,1,-0.04864251690948194,2.8025643762641383e-07,0.002425839068512373,0.00044921875,0.005546875,False,False
UQCI-016,QCI-028,poisson2d_10x2,Poisson 2D,4,1,1,20,6a8cdb8008442f441bbb6a49,2,000000101010001000111000,-0.0486413,1,-0.04864130964267887,1.4875232406952321e-06,0.005541093503474074,0.00041015625,0.005546875,False,False
UQCI-016,QCI-028,poisson2d_10x2,Poisson 2D,4,1,1,20,6a8cdb8008442f441bbb6a49,3,000000110000001000111000,-0.0486413,1,-0.04864127103966385,1.5261262557159094e-06,0.00561224723198773,0.00046875,0.005546875,False,False
UQCI-016,QCI-028,poisson2d_10x2,Poisson 2D,4,1,1,20,6a8cdb8008442f441bbb6a49,4,000000101110001001000000,-0.0486309,1,-0.04863084982824107,1.194733767849454e-05,0.015675996038258887,0.00044921875,0.005625,False,False
UQCI-016,QCI-028,poisson2d_10x2,Poisson 2D,4,1,1,20,6a8cdb8008442f441bbb6a49,5,000000110000001001000000,-0.0486304,1,-0.048630378991914185,1.24181740053797e-05,0.01598174950142875,0.00046875,0.005625,False,False
UQCI-016,QCI-028,poisson2d_10x2,Poisson 2D,4,1,1,20,6a8cdb8008442f441bbb6a49,6,000000101000001001000000,-0.0486249,2,-0.048624864324343105,1.793284157645958e-05,0.01920382761506574,0.000390625,0.005625,False,False
UQCI-016,QCI-028,poisson2d_10x2,Poisson 2D,4,1,1,20,6a8cdb8008442f441bbb6a49,7,000001000000001000111010,-0.0485876,1,-0.048587592562109996,5.520460380956799e-05,0.03369007039039238,0.000625,0.00556640625,False,False
UQCI-016,QCI-028,poisson2d_10x2,Poisson 2D,4,1,1,20,6a8cdb8008442f441bbb6a49,8,000001000000001001000000,-0.0485822,1,-0.0485822242240253,6.0572941894265764e-05,0.03528998831821762,0.000625,0.005625,False,False
UQCI-016,QCI-028,poisson2d_10x2,Poisson 2D,4,1,1,20,6a8cdb8008442f441bbb6a49,9,111111111111001001000000,-0.0482869,1,-0.04828696398901026,0.0003558331769093065,0.08552982398403586,-0.000009765625,0.005625,False,False
UQCI-016,QCI-028,poisson2d_10x2,Poisson 2D,4,1,1,20,6a8cdb8008442f441bbb6a49,10,000000100100000111111111,-0.0481699,1,-0.04816995562925544,0.0004728415366641245,0.09859417662240638,0.0003515625,0.004990234375,False,False
UQCI-016,QCI-028,poisson2d_10x2,Poisson 2D,4,1,1,20,6a8cdb8008442f441bbb6a49,11,000000100011000111111111,-0.0481698,1,-0.048169794739805885,0.0004730024261136792,0.09861094885101539,0.00034179687500000003,0.004990234375,False,False
UQCI-016,QCI-028,poisson2d_10x2,Poisson 2D,4,1,1,20,6a8cdb8008442f441bbb6a49,12,000000011111000111111111,-0.0481661,3,-0.04816606867664156,0.0004767284892780027,0.09899858451406147,0.000302734375,0.004990234375,False,False
UQCI-016,QCI-028,poisson2d_10x2,Poisson 2D,4,1,1,20,6a8cdb8008442f441bbb6a49,13,000001000000000111111111,-0.0480493,1,-0.04804931081597597,0.0005934863499435922,0.11045827647662265,0.000625,0.004990234375,False,False
UQCI-016,QCI-028,poisson2d_10x2,Poisson 2D,4,1,1,20,6a8cdb8008442f441bbb6a49,14,111111111111000111111111,-0.0479587,3,-0.04795870786223539,0.0006840893036841739,0.1185902554954933,-0.000009765625,0.004990234375,False,False
UQCI-017,QCI-029,poisson2d_10x2,Poisson 2D,5,0,1,20,6a8cdb9008442f441bbb6a4a,0,001001000001000000110010,-0.049859,1,-0.049859013236909396,0.0,0.0008309026903017617,0.0056347656250000005,0.00048828125,True,True
UQCI-017,QCI-029,poisson2d_10x2,Poisson 2D,5,0,1,20,6a8cdb9008442f441bbb6a4a,1,001000111111000000110010,-0.0498586,3,-0.04985860753560871,4.057013006861232e-07,0.002971087978930313,0.005615234375,0.00048828125,False,False
UQCI-017,QCI-029,poisson2d_10x2,Poisson 2D,5,0,1,20,6a8cdb9008442f441bbb6a4a,2,001000111111000000101111,-0.0498578,1,-0.04985778927066528,1.223966244114083e-06,0.0050238359459484965,0.005615234375,0.00045898437500000003,False,False
UQCI-017,QCI-029,poisson2d_10x2,Poisson 2D,5,0,1,20,6a8cdb9008442f441bbb6a4a,3,001001000110000001000000,-0.0498271,1,-0.0498271224674173,3.189076949209474e-05,0.02530432578877458,0.00568359375,0.000625,False,False
UQCI-017,QCI-029,poisson2d_10x2,Poisson 2D,5,0,1,20,6a8cdb9008442f441bbb6a4a,4,001000111111000001000000,-0.0498259,1,-0.04982593025658303,3.3082980326365474e-05,0.02577247617713588,0.005615234375,0.000625,False,False
UQCI-017,QCI-029,poisson2d_10x2,Poisson 2D,5,0,1,20,6a8cdb9008442f441bbb6a4a,5,001000110111111111111111,-0.0494768,1,-0.04947681708088963,0.00038219615601976786,0.08755697011062674,0.005537109375,-0.000009765625,False,False
UQCI-017,QCI-029,poisson2d_10x2,Poisson 2D,5,0,1,20,6a8cdb9008442f441bbb6a4a,6,001001000000111111111111,-0.049467,1,-0.04946699282319316,0.00039202041371623475,0.08867504516838949,0.005625,-0.000009765625,False,False
UQCI-017,QCI-029,poisson2d_10x2,Poisson 2D,5,0,1,20,6a8cdb9008442f441bbb6a4a,7,000111111111000000100110,-0.0492183,3,-0.04921834152389076,0.0006406717130186326,0.11335937741170175,0.004990234375,0.00037109375,False,False
UQCI-017,QCI-029,poisson2d_10x2,Poisson 2D,5,0,1,20,6a8cdb9008442f441bbb6a4a,8,000111111111000001000000,-0.0491182,1,-0.04911823535092519,0.0007407778859842076,0.12189393726569449,0.004990234375,0.000625,False,False
UQCI-017,QCI-029,poisson2d_10x2,Poisson 2D,5,0,1,20,6a8cdb9008442f441bbb6a4a,9,000111111111111111111111,-0.0489798,7,-0.04897977399086167,0.0008792392460477277,0.13279754438184463,0.004990234375,-0.000009765625,False,False
UQCI-018,QCI-030,poisson2d_10x2,Poisson 2D,5,1,1,20,6a8cdb9f08442f441bbb6a4b,0,000000110010001000111111,-0.0498586,1,-0.049858607535608716,4.057013006653065e-07,0.0029710879789302015,0.00048828125,0.005615234375,False,False
UQCI-018,QCI-030,poisson2d_10x2,Poisson 2D,5,1,1,20,6a8cdb9f08442f441bbb6a4b,1,000000101110001000111111,-0.0498569,1,-0.04985690314007475,2.110096834630204e-06,0.006558326122961643,0.00044921875,0.005615234375,False,False
UQCI-018,QCI-030,poisson2d_10x2,Poisson 2D,5,1,1,20,6a8cdb9f08442f441bbb6a4b,2,000000101101001000111111,-0.0498557,2,-0.04985571032167949,3.30291522988857e-06,0.008181408911747397,0.000439453125,0.005615234375,False,False
UQCI-018,QCI-030,poisson2d_10x2,Poisson 2D,5,1,1,20,6a8cdb9f08442f441bbb6a4b,3,000000101100001000111111,-0.0498542,1,-0.04985421081547952,4.802421429861425e-06,0.009849383653310529,0.0004296875,0.005615234375,False,False
UQCI-018,QCI-030,poisson2d_10x2,Poisson 2D,5,1,1,20,6a8cdb9f08442f441bbb6a4b,4,000001000000001001000100,-0.0498283,2,-0.04982831527477396,3.0697962135423085e-05,0.02482710846585393,0.000625,0.0056640625,False,False
UQCI-018,QCI-030,poisson2d_10x2,Poisson 2D,5,1,1,20,6a8cdb9f08442f441bbb6a4b,5,000001000000001000111111,-0.0498259,1,-0.04982593025658302,3.3082980326358535e-05,0.025772476177135864,0.000625,0.005615234375,False,False
UQCI-018,QCI-030,poisson2d_10x2,Poisson 2D,5,1,1,20,6a8cdb9f08442f441bbb6a4b,6,111111111111001000111000,-0.049477,1,-0.0494769522479195,0.0003820609889898796,0.08754148748997763,-0.000009765625,0.005546875,False,False
UQCI-018,QCI-030,poisson2d_10x2,Poisson 2D,5,1,1,20,6a8cdb9f08442f441bbb6a4b,7,111111111111001001000000,-0.049467,3,-0.04946699282319289,0.0003920204137164915,0.0886750451683895,-0.000009765625,0.005625,False,False
UQCI-018,QCI-030,poisson2d_10x2,Poisson 2D,5,1,1,20,6a8cdb9f08442f441bbb6a4b,8,000001000000001010000000,-0.0492589,1,-0.0492588942738693,0.0006001189630400819,0.10971326529591027,0.000625,0.00625,False,False
UQCI-018,QCI-030,poisson2d_10x2,Poisson 2D,5,1,1,20,6a8cdb9f08442f441bbb6a4b,9,000000100110000111111111,-0.0492183,1,-0.04921834152389077,0.0006406717130186118,0.11335937741170163,0.00037109375,0.004990234375,False,False
UQCI-018,QCI-030,poisson2d_10x2,Poisson 2D,5,1,1,20,6a8cdb9f08442f441bbb6a4b,10,000000101000000111111111,-0.049218,2,-0.04921800155636046,0.0006410116805489197,0.11338944844935918,0.000390625,0.004990234375,False,False
UQCI-018,QCI-030,poisson2d_10x2,Poisson 2D,5,1,1,20,6a8cdb9f08442f441bbb6a4b,11,000000011111000111111111,-0.0492099,2,-0.049209870744398344,0.0006491424925110373,0.1141062793085981,0.000302734375,0.004990234375,False,False
UQCI-018,QCI-030,poisson2d_10x2,Poisson 2D,5,1,1,20,6a8cdb9f08442f441bbb6a4b,12,111111111111000111111111,-0.0489797,2,-0.04897977399086133,0.0008792392460480539,0.13279754438184455,-0.000009765625,0.004990234375,False,False
UQCI-019,QCI-031,poisson2d_10x2,Poisson 2D,6,0,1,20,6a8cdbaf08442f441bbb6a4c,0,001001000101000000110101,-0.0504623,1,-0.05046228650609207,1.3154312777929889e-08,0.0010528304891918002,0.0056738281250000005,0.000517578125,False,False
UQCI-019,QCI-031,poisson2d_10x2,Poisson 2D,6,0,1,20,6a8cdbaf08442f441bbb6a4c,1,001001000110000000110011,-0.0504618,2,-0.050461797656254526,5.020041503253636e-07,0.0032857070312189134,0.00568359375,0.000498046875,False,False
UQCI-019,QCI-031,poisson2d_10x2,Poisson 2D,6,0,1,20,6a8cdbaf08442f441bbb6a4c,2,001001000010000000110100,-0.0504605,1,-0.05046053350588478,1.7661545200706175e-06,0.005987255793545185,0.00564453125,0.0005078125,False,False
UQCI-019,QCI-031,poisson2d_10x2,Poisson 2D,6,0,1,20,6a8cdbaf08442f441bbb6a4c,3,001001000100000000101111,-0.0504574,1,-0.050457450519663875,4.849140740975644e-06,0.009845913978274305,0.0056640625,0.00045898437500000003,False,False
UQCI-019,QCI-031,poisson2d_10x2,Poisson 2D,6,0,1,20,6a8cdbaf08442f441bbb6a4c,4,001000111111000000110011,-0.0504561,2,-0.05045605130992909,6.2483504757598896e-06,0.01116556411429132,0.005615234375,0.000498046875,False,False
UQCI-019,QCI-031,poisson2d_10x2,Poisson 2D,6,0,1,20,6a8cdbaf08442f441bbb6a4c,5,001001000001000000101111,-0.0504556,1,-0.0504556481849788,6.651475426049103e-06,0.011517745063411541,0.0056347656250000005,0.00045898437500000003,False,False
UQCI-019,QCI-031,poisson2d_10x2,Poisson 2D,6,0,1,20,6a8cdbaf08442f441bbb6a4c,6,001000111111000001000000,-0.0504324,1,-0.05043243178946349,2.986787094136356e-05,0.024346090649185935,0.005615234375,0.000625,False,False
UQCI-019,QCI-031,poisson2d_10x2,Poisson 2D,6,0,1,20,6a8cdbaf08442f441bbb6a4c,7,001000111011111111111111,-0.0500349,1,-0.050034925158982856,0.0004273745014219954,0.09203273660412098,0.005576171875,-0.000009765625,False,False
UQCI-019,QCI-031,poisson2d_10x2,Poisson 2D,6,0,1,20,6a8cdbaf08442f441bbb6a4c,8,001001000000111111111111,-0.0500324,2,-0.0500323698175826,0.000429929842822252,0.09230743841942428,0.005625,-0.000009765625,False,False
UQCI-019,QCI-031,poisson2d_10x2,Poisson 2D,6,0,1,20,6a8cdbaf08442f441bbb6a4c,9,000111111111000000101000,-0.0497268,3,-0.049726764675802046,0.000735534984602805,0.12073427911971686,0.004990234375,0.000390625,False,False
UQCI-019,QCI-031,poisson2d_10x2,Poisson 2D,6,0,1,20,6a8cdbaf08442f441bbb6a4c,10,000111111111000000100111,-0.0497266,1,-0.04972659671722577,0.0007357029431790812,0.1207480622988436,0.004990234375,0.000380859375,False,False
UQCI-019,QCI-031,poisson2d_10x2,Poisson 2D,6,0,1,20,6a8cdbaf08442f441bbb6a4c,11,000111111111111111111111,-0.049469,4,-0.04946900853087174,0.0009932911295331137,0.1403020212158131,0.004990234375,-0.000009765625,False,False
UQCI-021,QCI-033,poisson2d_10x2,Poisson 2D,7,0,1,20,6a8cdbbf08442f441bbb6a4d,0,001001001001000000110111,-0.0507732,1,-0.05077319111260311,1.0053255897202185e-07,0.0015751310486182986,0.0057128906250000005,0.000537109375,False,False
UQCI-021,QCI-033,poisson2d_10x2,Poisson 2D,7,0,1,20,6a8cdbbf08442f441bbb6a4d,1,001001000111000000110110,-0.0507731,2,-0.05077311141996783,1.802251942545352e-07,0.002012613949203707,0.005693359375,0.00052734375,False,False
UQCI-021,QCI-033,poisson2d_10x2,Poisson 2D,7,0,1,20,6a8cdbbf08442f441bbb6a4d,2,001001001010000000110111,-0.0507728,1,-0.05077278501722542,5.066279366583437e-07,0.0032371657985859077,0.00572265625,0.000537109375,False,False
UQCI-021,QCI-033,poisson2d_10x2,Poisson 2D,7,0,1,20,6a8cdbbf08442f441bbb6a4d,3,001001000100000000110110,-0.0507708,1,-0.05077083291652402,2.458728638063401e-06,0.006994756337240759,0.0056640625,0.00052734375,False,False
UQCI-021,QCI-033,poisson2d_10x2,Poisson 2D,7,0,1,20,6a8cdbbf08442f441bbb6a4d,4,001001001011000001000000,-0.0507601,1,-0.05076013935756311,1.3152287598974799e-05,0.016110256706264987,0.005732421875,0.000625,False,False
UQCI-021,QCI-033,poisson2d_10x2,Poisson 2D,7,0,1,20,6a8cdbbf08442f441bbb6a4d,5,001001001100000001000000,-0.0507596,1,-0.050759632029288626,1.36596158734556e-05,0.016417441839538072,0.0057421875,0.000625,False,False
UQCI-021,QCI-033,poisson2d_10x2,Poisson 2D,7,0,1,20,6a8cdbbf08442f441bbb6a4d,6,001000111111000000101111,-0.0507557,1,-0.05075571469688815,1.7576948273929915e-05,0.01861949956952274,0.005615234375,0.00045898437500000003,False,False
UQCI-021,QCI-033,poisson2d_10x2,Poisson 2D,7,0,1,20,6a8cdbbf08442f441bbb6a4d,7,001001010000000001000000,-0.0507545,1,-0.05075454708800404,1.8744557158043018e-05,0.019227123291959834,0.00578125,0.000625,False,False
UQCI-021,QCI-033,poisson2d_10x2,Poisson 2D,7,0,1,20,6a8cdbbf08442f441bbb6a4d,8,001001000000000001000000,-0.0507456,2,-0.050745552822554704,2.7738822607377422e-05,0.02338434916768571,0.005625,0.000625,False,False
UQCI-021,QCI-033,poisson2d_10x2,Poisson 2D,7,0,1,20,6a8cdbbf08442f441bbb6a4d,9,001000111111000001000000,-0.0507424,1,-0.05074239339700592,3.089824815616371e-05,0.024679017136774128,0.005615234375,0.000625,False,False
UQCI-021,QCI-033,poisson2d_10x2,Poisson 2D,7,0,1,20,6a8cdbbf08442f441bbb6a4d,10,001000111101111111111111,-0.0503168,1,-0.05031677935966851,0.0004565122854935724,0.09482450095621292,0.005595703125,-0.000009765625,False,False
UQCI-021,QCI-033,poisson2d_10x2,Poisson 2D,7,0,1,20,6a8cdbbf08442f441bbb6a4d,11,001000111110111111111111,-0.0503168,1,-0.05031686735217468,0.0004564242929874021,0.09481536233833826,0.00560546875,-0.000009765625,False,False
UQCI-021,QCI-033,poisson2d_10x2,Poisson 2D,7,0,1,20,6a8cdbbf08442f441bbb6a4d,12,001001000000111111111111,-0.0503161,2,-0.050316126648731876,0.0004571649964302052,0.09489226193122875,0.005625,-0.000009765625,False,False
UQCI-021,QCI-033,poisson2d_10x2,Poisson 2D,7,0,1,20,6a8cdbbf08442f441bbb6a4d,13,000111111111000001000000,-0.0499046,1,-0.04990461949915164,0.0008686721460104407,0.13080264864029997,0.004990234375,0.000625,False,False
UQCI-021,QCI-033,poisson2d_10x2,Poisson 2D,7,0,1,20,6a8cdbbf08442f441bbb6a4d,14,000111111111111111111111,-0.0497146,3,-0.04971455963950201,0.0010587320056600694,0.1444044143942898,0.004990234375,-0.000009765625,False,False
UQCI-022,QCI-034,poisson2d_10x2,Poisson 2D,7,1,1,20,6a8cdbcf08442f441bbb6a4e,0,000000110110001001000111,-0.0507731,1,-0.05077311141996784,1.8022519424065742e-07,0.0020126139492037047,0.00052734375,0.005693359375,False,False
UQCI-022,QCI-034,poisson2d_10x2,Poisson 2D,7,1,1,20,6a8cdbcf08442f441bbb6a4e,1,000000111000001001000111,-0.0507728,1,-0.05077275624701838,5.353981437014599e-07,0.003323534669291706,0.000546875,0.005693359375,False,False
UQCI-022,QCI-034,poisson2d_10x2,Poisson 2D,7,1,1,20,6a8cdbcf08442f441bbb6a4e,2,000000110000001001001000,-0.0507666,1,-0.05076665187818699,6.639766975090333e-06,0.011457476759179006,0.00046875,0.005703125,False,False
UQCI-022,QCI-034,poisson2d_10x2,Poisson 2D,7,1,1,20,6a8cdbcf08442f441bbb6a4e,3,000000110100001000111111,-0.050761,1,-0.05076096355206969,1.2328093092393855e-05,0.015598318610430807,0.0005078125,0.005615234375,False,False
UQCI-022,QCI-034,poisson2d_10x2,Poisson 2D,7,1,1,20,6a8cdbcf08442f441bbb6a4e,4,000001000000001001000111,-0.0507591,1,-0.050759113042475254,1.4178602686827635e-05,0.01672584949616886,0.000625,0.005693359375,False,False
UQCI-022,QCI-034,poisson2d_10x2,Poisson 2D,7,1,1,20,6a8cdbcf08442f441bbb6a4e,5,000001000000001000111111,-0.0507424,1,-0.05074239339700591,3.089824815617065e-05,0.024679017136774204,0.000625,0.005615234375,False,False
UQCI-022,QCI-034,poisson2d_10x2,Poisson 2D,7,1,1,20,6a8cdbcf08442f441bbb6a4e,6,000001001001001001001100,-0.0507235,1,-0.050723457332254716,4.9834312907365286e-05,0.031336990317786084,0.000712890625,0.0057421875,False,False
UQCI-022,QCI-034,poisson2d_10x2,Poisson 2D,7,1,1,20,6a8cdbcf08442f441bbb6a4e,7,111111111111001001000000,-0.0503161,1,-0.05031612664873181,0.0004571649964302746,0.09489226193122875,-0.000009765625,0.005625,False,False
UQCI-022,QCI-034,poisson2d_10x2,Poisson 2D,7,1,1,20,6a8cdbcf08442f441bbb6a4e,8,000001000001001010000000,-0.0503123,1,-0.0503123342823888,0.0004609573627732816,0.09528501187244111,0.000634765625,0.00625,False,False
UQCI-022,QCI-034,poisson2d_10x2,Poisson 2D,7,1,1,20,6a8cdbcf08442f441bbb6a4e,9,000000101001000111111111,-0.049985,1,-0.04998495439020731,0.0007883372549547726,0.12460781005555306,0.00040039062500000003,0.004990234375,False,False
UQCI-022,QCI-034,poisson2d_10x2,Poisson 2D,7,1,1,20,6a8cdbcf08442f441bbb6a4e,10,000000100111000111111111,-0.0499843,2,-0.0499843009624423,0.0007889906827197798,0.12465943942552471,0.000380859375,0.004990234375,False,False
UQCI-022,QCI-034,poisson2d_10x2,Poisson 2D,7,1,1,20,6a8cdbcf08442f441bbb6a4e,11,000001000000000111111111,-0.0499046,1,-0.049904619499151634,0.0008686721460104477,0.13080264864029997,0.000625,0.004990234375,False,False
UQCI-022,QCI-034,poisson2d_10x2,Poisson 2D,7,1,1,20,6a8cdbcf08442f441bbb6a4e,12,111111111111000111111111,-0.0497145,7,-0.04971455963950193,0.0010587320056601526,0.1444044143942898,-0.000009765625,0.004990234375,False,False
UQCI-023,QCI-035,poisson2d_10x2,Poisson 2D,8,0,1,20,6a8cdbde08442f441bbb6a4f,0,001001001010000000111000,-0.0509387,2,-0.05093874166341201,0.0,0.0008391147988139378,0.00572265625,0.000546875,True,True
UQCI-023,QCI-035,poisson2d_10x2,Poisson 2D,8,0,1,20,6a8cdbde08442f441bbb6a4f,1,001001001001000000111000,-0.0509387,1,-0.05093871996525582,2.169815618846549e-08,0.0010630517546841006,0.0057128906250000005,0.000546875,False,False
UQCI-023,QCI-035,poisson2d_10x2,Poisson 2D,8,0,1,20,6a8cdbde08442f441bbb6a4f,2,001001001010000000110111,-0.0509386,1,-0.050938631917960824,1.0974545118502821e-07,0.001690731065717019,0.00572265625,0.000537109375,False,False
UQCI-023,QCI-035,poisson2d_10x2,Poisson 2D,8,0,1,20,6a8cdbde08442f441bbb6a4f,3,001001000111000000111000,-0.0509378,1,-0.05093776046858587,9.81194826138454e-07,0.004468372304776515,0.005693359375,0.000546875,False,False
UQCI-023,QCI-035,poisson2d_10x2,Poisson 2D,8,0,1,20,6a8cdbde08442f441bbb6a4f,4,001001000101000000110111,-0.0509358,1,-0.05093575799950745,2.98366390456134e-06,0.007699197458133447,0.0056738281250000005,0.000537109375,False,False
UQCI-023,QCI-035,poisson2d_10x2,Poisson 2D,8,0,1,20,6a8cdbde08442f441bbb6a4f,5,001001001011000001000000,-0.0509288,2,-0.05092880393839719,9.937725014820542e-06,0.013992700335929763,0.005732421875,0.000625,False,False
UQCI-023,QCI-035,poisson2d_10x2,Poisson 2D,8,0,1,20,6a8cdbde08442f441bbb6a4f,6,001000111111000000101111,-0.0509154,1,-0.05091543405280686,2.3307610605149964e-05,0.02140713342292744,0.005615234375,0.00045898437500000003,False,False
UQCI-023,QCI-035,poisson2d_10x2,Poisson 2D,8,0,1,20,6a8cdbde08442f441bbb6a4f,7,001001000001000001000000,-0.0509133,2,-0.050913287276346,2.545438706600539e-05,0.022369837038909803,0.0056347656250000005,0.000625,False,False
UQCI-023,QCI-035,poisson2d_10x2,Poisson 2D,8,0,1,20,6a8cdbde08442f441bbb6a4f,8,001000111111000001000000,-0.0509065,1,-0.050906519542504906,3.222212090710219e-05,0.025164851746475186,0.005615234375,0.000625,False,False
UQCI-023,QCI-035,poisson2d_10x2,Poisson 2D,8,0,1,20,6a8cdbde08442f441bbb6a4f,9,001010000000000001000010,-0.0505019,1,-0.05050187590817804,0.0004368657552339672,0.09261206531300585,0.00625,0.00064453125,False,False
UQCI-023,QCI-035,poisson2d_10x2,Poisson 2D,8,0,1,20,6a8cdbde08442f441bbb6a4f,10,001010000000000000111111,-0.0505004,1,-0.05050045259300354,0.0004382890704084652,0.09276279601512306,0.00625,0.000615234375,False,False
UQCI-023,QCI-035,poisson2d_10x2,Poisson 2D,8,0,1,20,6a8cdbde08442f441bbb6a4f,11,001001000000111111111111,-0.050464,2,-0.05046402167669794,0.00047471998671407,0.09654080256667025,0.005625,-0.000009765625,False,False
UQCI-023,QCI-035,poisson2d_10x2,Poisson 2D,8,0,1,20,6a8cdbde08442f441bbb6a4f,12,000111111111000000101001,-0.0501209,1,-0.050120865818444785,0.0008178758449672238,0.12671527030446414,0.004990234375,0.00040039062500000003,False,False
UQCI-023,QCI-035,poisson2d_10x2,Poisson 2D,8,0,1,20,6a8cdbde08442f441bbb6a4f,13,000111111111000000101010,-0.0501209,1,-0.05012092709610232,0.0008178145673096854,0.12671052348383025,0.004990234375,0.00041015625,False,False
UQCI-023,QCI-035,poisson2d_10x2,Poisson 2D,8,0,1,20,6a8cdbde08442f441bbb6a4f,14,000111111111000000100111,-0.0501198,1,-0.05011982716277197,0.0008189145006400403,0.1267957018323315,0.004990234375,0.000380859375,False,False
UQCI-023,QCI-035,poisson2d_10x2,Poisson 2D,8,0,1,20,6a8cdbde08442f441bbb6a4f,15,000111111111000001000000,-0.050045,1,-0.05004501740773161,0.000893724255680399,0.13246045046464666,0.004990234375,0.000625,False,False
UQCI-024,QCI-036,poisson2d_10x2,Poisson 2D,8,1,1,20,6a8cdbee08442f441bbb6a50,0,000000110111001001001010,-0.0509386,1,-0.05093863191796083,1.0974545117808931e-07,0.0016907310657169018,0.000537109375,0.00572265625,False,False
UQCI-024,QCI-036,poisson2d_10x2,Poisson 2D,8,1,1,20,6a8cdbee08442f441bbb6a50,1,000000110000001001000111,-0.0509297,1,-0.05092971578786551,9.025875546499196e-06,0.013337719909951928,0.00046875,0.005693359375,False,False
UQCI-024,QCI-036,poisson2d_10x2,Poisson 2D,8,1,1,20,6a8cdbee08442f441bbb6a50,2,000001000000001001001011,-0.0509288,2,-0.05092880393839718,9.937725014827481e-06,0.013992700335929736,0.000625,0.005732421875,False,False
UQCI-024,QCI-036,poisson2d_10x2,Poisson 2D,8,1,1,20,6a8cdbee08442f441bbb6a50,3,000000101111001001001000,-0.0509274,1,-0.050927449651631096,1.1292011780912603e-05,0.014912485397978494,0.00045898437500000003,0.005703125,False,False
UQCI-024,QCI-036,poisson2d_10x2,Poisson 2D,8,1,1,20,6a8cdbee08442f441bbb6a50,4,000000101111001001000111,-0.0509273,1,-0.0509273360522387,1.1405611173305463e-05,0.014987072326938853,0.00045898437500000003,0.005693359375,False,False
UQCI-024,QCI-036,poisson2d_10x2,Poisson 2D,8,1,1,20,6a8cdbee08442f441bbb6a50,5,000001000000001001010000,-0.0509251,3,-0.050925111014950876,1.36306484611326e-05,0.016379650638406247,0.000625,0.00578125,False,False
UQCI-024,QCI-036,poisson2d_10x2,Poisson 2D,8,1,1,20,6a8cdbee08442f441bbb6a50,6,000000101101001001000111,-0.0509217,1,-0.05092166048062761,1.708118278440085e-05,0.01833117037321657,0.000439453125,0.005693359375,False,False
UQCI-024,QCI-036,poisson2d_10x2,Poisson 2D,8,1,1,20,6a8cdbee08442f441bbb6a50,7,000000101111001000111111,-0.0509154,1,-0.05091543405280685,2.3307610605156903e-05,0.021407133422927445,0.00045898437500000003,0.005615234375,False,False
UQCI-024,QCI-036,poisson2d_10x2,Poisson 2D,8,1,1,20,6a8cdbee08442f441bbb6a50,8,111111111111001000111111,-0.0504642,1,-0.05046423224880745,0.000474509414604557,0.09651939045031124,-0.000009765625,0.005615234375,False,False
UQCI-024,QCI-036,poisson2d_10x2,Poisson 2D,8,1,1,20,6a8cdbee08442f441bbb6a50,9,111111111111001001000000,-0.0504641,1,-0.050464021676697675,0.0004747199867143337,0.09654080256667025,-0.000009765625,0.005625,False,False
UQCI-024,QCI-036,poisson2d_10x2,Poisson 2D,8,1,1,20,6a8cdbee08442f441bbb6a50,10,000001011100001010000000,-0.0503991,1,-0.050399088028064865,0.000539653635347144,0.10293136356529982,0.0008984375,0.00625,False,False
UQCI-024,QCI-036,poisson2d_10x2,Poisson 2D,8,1,1,20,6a8cdbee08442f441bbb6a50,11,000000101001000111111111,-0.0501209,1,-0.05012086581844477,0.0008178758449672377,0.12671527030446406,0.00040039062500000003,0.004990234375,False,False
UQCI-024,QCI-036,poisson2d_10x2,Poisson 2D,8,1,1,20,6a8cdbee08442f441bbb6a50,12,000000100111000111111111,-0.0501198,1,-0.05011982716277197,0.0008189145006400403,0.12679570183233138,0.000380859375,0.004990234375,False,False
UQCI-024,QCI-036,poisson2d_10x2,Poisson 2D,8,1,1,20,6a8cdbee08442f441bbb6a50,13,000000011111000111111111,-0.0501034,1,-0.05010345786864404,0.0008352837947679659,0.12805663715343055,0.000302734375,0.004990234375,False,False
UQCI-024,QCI-036,poisson2d_10x2,Poisson 2D,8,1,1,20,6a8cdbee08442f441bbb6a50,14,000001000000000111111111,-0.050045,3,-0.0500450174077316,0.0008937242556804059,0.13246045046464666,0.000625,0.004990234375,False,False
UQCI-025,QCI-037,poisson2d_10x2,Poisson 2D,9,0,1,20,6a8cdbfe08442f441bbb6a51,0,001001001010000000110111,-0.0510287,1,-0.05102872574203352,2.7306499270768336e-07,0.0024733893793019105,0.00572265625,0.000537109375,False,False
UQCI-025,QCI-037,poisson2d_10x2,Poisson 2D,9,0,1,20,6a8cdbfe08442f441bbb6a51,1,001001001100000000111001,-0.0510286,1,-0.051028616712022794,3.820950034358339e-07,0.0028730265991102288,0.0057421875,0.0005566406250000001,False,False
UQCI-025,QCI-037,poisson2d_10x2,Poisson 2D,9,0,1,20,6a8cdbfe08442f441bbb6a51,2,001001001000000000111000,-0.0510282,1,-0.05102824415227528,7.546547509465484e-07,0.003944010393778099,0.005703125,0.000546875,False,False
UQCI-025,QCI-037,poisson2d_10x2,Poisson 2D,9,0,1,20,6a8cdbfe08442f441bbb6a51,3,001001000101000000110111,-0.0510248,1,-0.05102484087567289,4.157931353339361e-06,0.009069077060549047,0.0056738281250000005,0.000537109375,False,False
UQCI-025,QCI-037,poisson2d_10x2,Poisson 2D,9,0,1,20,6a8cdbfe08442f441bbb6a51,4,001000111111000000101111,-0.0510021,1,-0.05100205715024823,2.6941656778002587e-05,0.02299420920699159,0.005615234375,0.00045898437500000003,False,False
UQCI-025,QCI-037,poisson2d_10x2,Poisson 2D,9,0,1,20,6a8cdbfe08442f441bbb6a51,5,001010000000000001000011,-0.0506053,3,-0.050605273902943664,0.0004237249040825661,0.09112831671839912,0.00625,0.000654296875,False,False
UQCI-025,QCI-037,poisson2d_10x2,Poisson 2D,9,0,1,20,6a8cdbfe08442f441bbb6a51,6,001010000000000000111111,-0.0506032,1,-0.050603200374220454,0.0004257984328057754,0.09135099560426087,0.00625,0.000615234375,False,False
UQCI-025,QCI-037,poisson2d_10x2,Poisson 2D,9,0,1,20,6a8cdbfe08442f441bbb6a51,7,001000111111111111111111,-0.0505435,2,-0.05054349618286271,0.00048550262416351825,0.09754490581376121,0.005615234375,-0.000009765625,False,False
UQCI-025,QCI-037,poisson2d_10x2,Poisson 2D,9,0,1,20,6a8cdbfe08442f441bbb6a51,8,001001000000111111111111,-0.0505434,3,-0.05054345345409352,0.0004855453529327078,0.09754919780532902,0.005625,-0.000009765625,False,False
UQCI-025,QCI-037,poisson2d_10x2,Poisson 2D,9,0,1,20,6a8cdbfe08442f441bbb6a51,9,000111111111000000101010,-0.0501946,1,-0.050194602891116734,0.0008343959159094957,0.1278755672926498,0.004990234375,0.00041015625,False,False
UQCI-025,QCI-037,poisson2d_10x2,Poisson 2D,9,0,1,20,6a8cdbfe08442f441bbb6a51,10,000111111111000000011111,-0.0501759,1,-0.050175852740583546,0.0008531460664426838,0.12930429811395205,0.004990234375,0.000302734375,False,False
UQCI-025,QCI-037,poisson2d_10x2,Poisson 2D,9,0,1,20,6a8cdbfe08442f441bbb6a51,11,000111111111111111111111,-0.0499113,4,-0.049911286951952814,0.0011177118550734153,0.1480007230583352,0.004990234375,-0.000009765625,False,False
UQCI-026,QCI-038,poisson2d_10x2,Poisson 2D,9,1,1,20,6a8cdc0e08442f441bbb6a52,0,000000111000001001001010,-0.051029,1,-0.051028998807026237,0.0,0.0008754920216178651,0.000546875,0.00572265625,True,True
UQCI-026,QCI-038,poisson2d_10x2,Poisson 2D,9,1,1,20,6a8cdc0e08442f441bbb6a52,1,000000110111001001001010,-0.0510287,1,-0.05102872574203352,2.7306499271462226e-07,0.0024733893793018854,0.000537109375,0.00572265625,False,False
UQCI-026,QCI-038,poisson2d_10x2,Poisson 2D,9,1,1,20,6a8cdc0e08442f441bbb6a52,2,000000111000001001001100,-0.0510285,1,-0.05102853241586938,4.663911568544843e-07,0.003147412752410381,0.000546875,0.0057421875,False,False
UQCI-026,QCI-038,poisson2d_10x2,Poisson 2D,9,1,1,20,6a8cdc0e08442f441bbb6a52,3,000000110111001001000111,-0.0510273,1,-0.05102731060664804,1.6882003781998334e-06,0.005818042445826727,0.000537109375,0.005693359375,False,False
UQCI-026,QCI-038,poisson2d_10x2,Poisson 2D,9,1,1,20,6a8cdc0e08442f441bbb6a52,4,000001000000001001001100,-0.0510207,1,-0.05102065946374076,8.339343285479472e-06,0.012813663515885294,0.000625,0.0057421875,False,False
UQCI-026,QCI-038,poisson2d_10x2,Poisson 2D,9,1,1,20,6a8cdc0e08442f441bbb6a52,5,000000110000001001001001,-0.0510185,1,-0.051018508239643386,1.0490567382850924e-05,0.014364777563870166,0.00046875,0.0057128906250000005,False,False
UQCI-026,QCI-038,poisson2d_10x2,Poisson 2D,9,1,1,20,6a8cdc0e08442f441bbb6a52,6,000001000000001001010000,-0.0510179,3,-0.05101792742590718,1.1071381119054369e-05,0.014755638193460343,0.000625,0.00578125,False,False
UQCI-026,QCI-038,poisson2d_10x2,Poisson 2D,9,1,1,20,6a8cdc0e08442f441bbb6a52,7,000000111000001000111111,-0.0510097,2,-0.051009737762784536,1.9261044241700165e-05,0.019447856176516787,0.000546875,0.005615234375,False,False
UQCI-026,QCI-038,poisson2d_10x2,Poisson 2D,9,1,1,20,6a8cdc0e08442f441bbb6a52,8,000001000000001000111111,-0.0509958,1,-0.05099580719349211,3.319161353412814e-05,0.02551885759736021,0.000625,0.005615234375,False,False
UQCI-026,QCI-038,poisson2d_10x2,Poisson 2D,9,1,1,20,6a8cdc0e08442f441bbb6a52,9,000001000100001010000000,-0.050605,1,-0.050605029131431944,0.00042396967559429205,0.09115463135917146,0.0006640625,0.00625,False,False
UQCI-026,QCI-038,poisson2d_10x2,Poisson 2D,9,1,1,20,6a8cdc0e08442f441bbb6a52,10,000000111111001010000000,-0.0506032,1,-0.05060320037422044,0.0004257984328057962,0.09135099560426087,0.000615234375,0.00625,False,False
UQCI-026,QCI-038,poisson2d_10x2,Poisson 2D,9,1,1,20,6a8cdc0e08442f441bbb6a52,11,111111111111001000111111,-0.0505435,2,-0.05054349618286267,0.0004855026241635668,0.09754490581376118,-0.000009765625,0.005615234375,False,False
UQCI-026,QCI-038,poisson2d_10x2,Poisson 2D,9,1,1,20,6a8cdc0e08442f441bbb6a52,12,000000110000000111111111,-0.0501893,1,-0.050189261910626386,0.0008397368963998508,0.12828416201762746,0.00046875,0.004990234375,False,False
UQCI-026,QCI-038,poisson2d_10x2,Poisson 2D,9,1,1,20,6a8cdc0e08442f441bbb6a52,13,000000011111000111111111,-0.0501758,2,-0.05017585274058355,0.0008531460664426838,0.12930429811395205,0.000302734375,0.004990234375,False,False
UQCI-026,QCI-038,poisson2d_10x2,Poisson 2D,9,1,1,20,6a8cdc0e08442f441bbb6a52,14,111111111111000111111111,-0.0499113,1,-0.04991128695195279,0.00111771185507345,0.1480007230583352,-0.000009765625,0.004990234375,False,False
UQCI-027,QCI-039,poisson2d_10x2,Poisson 2D,10,0,1,20,6a8cdc1d08442f441bbb6a53,0,001001001010000000110111,-0.0510787,2,-0.0510786707801876,5.27205564308797e-07,0.003239838013686338,0.00572265625,0.000537109375,False,False
UQCI-027,QCI-039,poisson2d_10x2,Poisson 2D,10,0,1,20,6a8cdc1d08442f441bbb6a53,1,001001001000000000110111,-0.0510778,1,-0.051077807164868816,1.3908208830945568e-06,0.005234875891372085,0.005703125,0.000537109375,False,False
UQCI-027,QCI-039,poisson2d_10x2,Poisson 2D,10,0,1,20,6a8cdc1d08442f441bbb6a53,2,001001000110000000110111,-0.0510757,1,-0.05107572273516265,3.475250589260459e-06,0.008259038603550328,0.00568359375,0.000537109375,False,False
UQCI-027,QCI-039,poisson2d_10x2,Poisson 2D,10,0,1,20,6a8cdc1d08442f441bbb6a53,3,001001001100000001000000,-0.0510717,1,-0.05107171650639219,7.4814793597222096e-06,0.012109641344153639,0.0057421875,0.000625,False,False
UQCI-027,QCI-039,poisson2d_10x2,Poisson 2D,10,0,1,20,6a8cdc1d08442f441bbb6a53,4,001001001011000001000000,-0.0510715,1,-0.051071520284002,7.677701749912724e-06,0.012267230540587995,0.005732421875,0.000625,False,False
UQCI-027,QCI-039,poisson2d_10x2,Poisson 2D,10,0,1,20,6a8cdc1d08442f441bbb6a53,5,001001010000000001000000,-0.0510694,1,-0.0510694493599847,9.748625767212749e-06,0.013821299917545653,0.00578125,0.000625,False,False
UQCI-027,QCI-039,poisson2d_10x2,Poisson 2D,10,0,1,20,6a8cdc1d08442f441bbb6a53,6,001001000100000001000000,-0.0510616,1,-0.051061601026559135,1.7596959192775485e-05,0.018565521576172014,0.0056640625,0.000625,False,False
UQCI-027,QCI-039,poisson2d_10x2,Poisson 2D,10,0,1,20,6a8cdc1d08442f441bbb6a53,7,001000111111000000110111,-0.0510588,1,-0.05105881331789085,2.0384667861063355e-05,0.019981360930553527,0.005615234375,0.000537109375,False,False
UQCI-027,QCI-039,poisson2d_10x2,Poisson 2D,10,0,1,20,6a8cdc1d08442f441bbb6a53,8,001001000010000001000000,-0.051056,1,-0.05105602012063252,2.3177865119392016e-05,0.021305830901596816,0.00564453125,0.000625,False,False
UQCI-027,QCI-039,poisson2d_10x2,Poisson 2D,10,0,1,20,6a8cdc1d08442f441bbb6a53,9,001000111111000001000000,-0.0510454,2,-0.05104535973476621,3.3838250985698815e-05,0.02574182340717859,0.005615234375,0.000625,False,False
UQCI-027,QCI-039,poisson2d_10x2,Poisson 2D,10,0,1,20,6a8cdc1d08442f441bbb6a53,10,001010000000000001000011,-0.0506628,1,-0.05066279883578335,0.0004163991499685632,0.09028955477750683,0.00625,0.000654296875,False,False
UQCI-027,QCI-039,poisson2d_10x2,Poisson 2D,10,0,1,20,6a8cdc1d08442f441bbb6a53,11,001010000000000001000100,-0.0506627,1,-0.050662671535771225,0.00041652644998068505,0.09030335492104502,0.00625,0.0006640625,False,False
UQCI-027,QCI-039,poisson2d_10x2,Poisson 2D,10,0,1,20,6a8cdc1d08442f441bbb6a53,12,000111111111000000101010,-0.0502354,1,-0.05023533659149124,0.0008438613942606671,0.12853333898011804,0.004990234375,0.00041015625,False,False
UQCI-027,QCI-039,poisson2d_10x2,Poisson 2D,10,0,1,20,6a8cdc1d08442f441bbb6a53,13,000111111111000000110000,-0.0502304,1,-0.05023041683682264,0.0008487811489292715,0.12890746844429007,0.004990234375,0.00046875,False,False
UQCI-027,QCI-039,poisson2d_10x2,Poisson 2D,10,0,1,20,6a8cdc1d08442f441bbb6a53,14,000111111111000000011111,-0.0502158,1,-0.050215819605412555,0.0008633783803393552,0.13001119879323705,0.004990234375,0.000302734375,False,False
UQCI-027,QCI-039,poisson2d_10x2,Poisson 2D,10,0,1,20,6a8cdc1d08442f441bbb6a53,15,000111111111000001000000,-0.0501636,1,-0.050163581657996115,0.0009156163277557958,0.13388650783936432,0.004990234375,0.000625,False,False
UQCI-027,QCI-039,poisson2d_10x2,Poisson 2D,10,0,1,20,6a8cdc1d08442f441bbb6a53,16,000111111111111111111111,-0.0499491,2,-0.04994906284401289,0.0011301351417390207,0.14874584274240202,0.004990234375,-0.000009765625,False,False
UQCI-028,QCI-040,poisson2d_10x2,Poisson 2D,10,1,1,20,6a8cdc2d08442f441bbb6a54,0,000000111001001001001100,-0.051079,1,-0.051078983989690935,2.1399606098260193e-07,0.002089189020767899,0.0005566406250000001,0.0057421875,False,False
UQCI-028,QCI-040,poisson2d_10x2,Poisson 2D,10,1,1,20,6a8cdc2d08442f441bbb6a54,1,000000111010001001001011,-0.051079,1,-0.05107901678200673,1.812037451892623e-07,0.0019294354718671731,0.00056640625,0.005732421875,False,False
UQCI-028,QCI-040,poisson2d_10x2,Poisson 2D,10,1,1,20,6a8cdc2d08442f441bbb6a54,2,000001000000001001001100,-0.0510717,1,-0.05107171650639218,7.481479359736087e-06,0.012109641344153687,0.000625,0.0057421875,False,False
UQCI-028,QCI-040,poisson2d_10x2,Poisson 2D,10,1,1,20,6a8cdc2d08442f441bbb6a54,3,000001000000001001010000,-0.0510694,1,-0.0510694493599847,9.748625767219687e-06,0.013821299917545809,0.000625,0.00578125,False,False
UQCI-028,QCI-040,poisson2d_10x2,Poisson 2D,10,1,1,20,6a8cdc2d08442f441bbb6a54,4,000000111000001000111111,-0.0510585,1,-0.05105853928970886,2.0658696043056313e-05,0.020115157328352225,0.000546875,0.005615234375,False,False
UQCI-028,QCI-040,poisson2d_10x2,Poisson 2D,10,1,1,20,6a8cdc2d08442f441bbb6a54,5,000000110011001000111111,-0.0510569,1,-0.051056857394650726,2.2340591101191465e-05,0.020917618180426926,0.000498046875,0.005615234375,False,False
UQCI-028,QCI-040,poisson2d_10x2,Poisson 2D,10,1,1,20,6a8cdc2d08442f441bbb6a54,6,000001000000001000111111,-0.0510454,2,-0.051045359734766205,3.383825098571269e-05,0.025741823407178614,0.000625,0.005615234375,False,False
UQCI-028,QCI-040,poisson2d_10x2,Poisson 2D,10,1,1,20,6a8cdc2d08442f441bbb6a54,7,111111111111001000111111,-0.0505871,2,-0.050587053955530294,0.0004921440302216237,0.09815851663866955,-0.000009765625,0.005615234375,False,False
UQCI-028,QCI-040,poisson2d_10x2,Poisson 2D,10,1,1,20,6a8cdc2d08442f441bbb6a54,8,111111111111001001000000,-0.0505871,1,-0.050587103449750745,0.0004920945360011725,0.09815358077362003,-0.000009765625,0.005625,False,False
UQCI-028,QCI-040,poisson2d_10x2,Poisson 2D,10,1,1,20,6a8cdc2d08442f441bbb6a54,9,000000101011001010000000,-0.0505743,1,-0.05057429295702036,0.0005049050287315587,0.09942294525978407,0.000419921875,0.00625,False,False
UQCI-028,QCI-040,poisson2d_10x2,Poisson 2D,10,1,1,20,6a8cdc2d08442f441bbb6a54,10,000000101010000111111111,-0.0502353,1,-0.05023533659149124,0.000843861394260674,0.12853333898011804,0.00041015625,0.004990234375,False,False
UQCI-028,QCI-040,poisson2d_10x2,Poisson 2D,10,1,1,20,6a8cdc2d08442f441bbb6a54,11,000000100111000111111111,-0.0502337,1,-0.050233676220268274,0.0008455217654836436,0.12865972580349455,0.000380859375,0.004990234375,False,False
UQCI-028,QCI-040,poisson2d_10x2,Poisson 2D,10,1,1,20,6a8cdc2d08442f441bbb6a54,12,000000011111000111111111,-0.0502158,1,-0.05021581960541258,0.0008633783803393344,0.13001119879323692,0.000302734375,0.004990234375,False,False
UQCI-028,QCI-040,poisson2d_10x2,Poisson 2D,10,1,1,20,6a8cdc2d08442f441bbb6a54,13,000001000000000111111111,-0.0501636,1,-0.05016358165799611,0.0009156163277558096,0.13388650783936423,0.000625,0.004990234375,False,False
UQCI-028,QCI-040,poisson2d_10x2,Poisson 2D,10,1,1,20,6a8cdc2d08442f441bbb6a54,14,111111111111000111111111,-0.0499491,4,-0.04994906284401283,0.00113013514173909,0.148745842742402,-0.000009765625,0.004990234375,False,False
UQCI-029,QCI-041,kg1d_Nspace10_state20,Klein-Gordon 1D,1,0,1,20,6a8cdc3d08442f441bbb6a55,0,010000000000111011010000,-0.1197259,3,-0.11972593472582482,0.0,0.0003019267553977975,1.0,-0.296875,True,True
UQCI-029,QCI-041,kg1d_Nspace10_state20,Klein-Gordon 1D,1,0,1,20,6a8cdc3d08442f441bbb6a55,1,001111111111111011010000,-0.1197259,1,-0.11972587609052188,5.8635302946363765e-08,0.0007621717525668087,0.9990234375,-0.296875,False,True
UQCI-029,QCI-041,kg1d_Nspace10_state20,Klein-Gordon 1D,1,0,1,20,6a8cdc3d08442f441bbb6a55,2,010000000000111011001111,-0.1197258,1,-0.11972580761554506,1.2711027976008982e-07,0.0010737023538624686,1.0,-0.2978515625,False,True
UQCI-029,QCI-041,kg1d_Nspace10_state20,Klein-Gordon 1D,1,0,1,20,6a8cdc3d08442f441bbb6a55,3,001111111110111011010001,-0.1197256,1,-0.1197256028345,3.3189132482569494e-07,0.001692114561021842,0.998046875,-0.2958984375,False,True
UQCI-029,QCI-041,kg1d_Nspace10_state20,Klein-Gordon 1D,1,0,1,20,6a8cdc3d08442f441bbb6a55,4,010000000010111011001111,-0.1197253,1,-0.11972531455842515,6.201673996703017e-07,0.0022958770000461766,1.001953125,-0.2978515625,False,True
UQCI-029,QCI-041,kg1d_Nspace10_state20,Klein-Gordon 1D,1,0,1,20,6a8cdc3d08442f441bbb6a55,5,010000001110111011001100,-0.1197025,1,-0.11970256980763559,2.336491818923092e-05,0.013972991801309245,1.013671875,-0.30078125,False,True
UQCI-029,QCI-041,kg1d_Nspace10_state20,Klein-Gordon 1D,1,0,1,20,6a8cdc3d08442f441bbb6a55,6,010000000111111010111111,-0.1196942,1,-0.11969420887203058,3.172585379423998e-05,0.016281229961958313,1.0068359375,-0.3134765625,False,True
UQCI-029,QCI-041,kg1d_Nspace10_state20,Klein-Gordon 1D,1,0,1,20,6a8cdc3d08442f441bbb6a55,7,010000001001111010111111,-0.1196924,1,-0.11969239882458216,3.3535901242665034e-05,0.016739077175196855,1.0087890625,-0.3134765625,False,True
UQCI-029,QCI-041,kg1d_Nspace10_state20,Klein-Gordon 1D,1,0,1,20,6a8cdc3d08442f441bbb6a55,8,001111110010111100000000,-0.1194854,1,-0.11948544877795071,0.00024048594787411115,0.044818835580638046,0.986328125,-0.25,False,True
UQCI-029,QCI-041,kg1d_Nspace10_state20,Klein-Gordon 1D,1,0,1,20,6a8cdc3d08442f441bbb6a55,9,001111101111111100000000,-0.1194838,1,-0.11948381902026874,0.00024211570555608686,0.04497043945349305,0.9833984375,-0.25,False,True
UQCI-029,QCI-041,kg1d_Nspace10_state20,Klein-Gordon 1D,1,0,1,20,6a8cdc3d08442f441bbb6a55,10,001111101011111100000000,-0.1194782,1,-0.11947816731747292,0.0002477674083519038,0.04549226038377536,0.9794921875,-0.25,False,True
UQCI-029,QCI-041,kg1d_Nspace10_state20,Klein-Gordon 1D,1,0,1,20,6a8cdc3d08442f441bbb6a55,11,010000000000111100000000,-0.1194635,3,-0.1194634854271029,0.00026244929872192013,0.04682066744505046,1.0,-0.25,False,True
UQCI-029,QCI-041,kg1d_Nspace10_state20,Klein-Gordon 1D,1,0,1,20,6a8cdc3d08442f441bbb6a55,12,010000000000000000000000,-0.1091778,4,-0.1091778369200408,0.010548097805784029,0.2968200000000001,1.0,0.0,False,True
UQCI-030,QCI-042,kg1d_Nspace10_state20,Klein-Gordon 1D,1,1,1,20,6a8cdc4f08442f441bbb6a56,0,000000000001010000000000,-0.1249999,4,-0.12499992692878172,0.0,0.0002908092815287725,0.0009765625,1.0,True,True
UQCI-030,QCI-042,kg1d_Nspace10_state20,Klein-Gordon 1D,1,1,1,20,6a8cdc4f08442f441bbb6a56,1,000000000001001111111111,-0.1249999,2,-0.12499987849252206,4.843625965589293e-08,0.0006870664529324696,0.0009765625,0.9990234375,False,False
UQCI-030,QCI-042,kg1d_Nspace10_state20,Klein-Gordon 1D,1,1,1,20,6a8cdc4f08442f441bbb6a56,2,000000000000010000000000,-0.1249998,4,-0.1249998125000937,1.144286880111478e-07,0.001,0.0,1.0,False,False
UQCI-030,QCI-042,kg1d_Nspace10_state20,Klein-Gordon 1D,1,1,1,20,6a8cdc4f08442f441bbb6a56,3,000000000010001111111111,-0.1249998,1,-0.124999804026529,1.2290225272215682e-07,0.0010333385470679035,0.001953125,0.9990234375,False,False
UQCI-030,QCI-042,kg1d_Nspace10_state20,Klein-Gordon 1D,1,1,1,20,6a8cdc4f08442f441bbb6a56,4,111111111111010000000000,-0.1249995,3,-0.12499943864777663,4.882810050871322e-07,0.0019977036912974056,-0.0009765625,1.0,False,False
UQCI-030,QCI-042,kg1d_Nspace10_state20,Klein-Gordon 1D,1,1,1,20,6a8cdc4f08442f441bbb6a56,5,000000000100001111111111,-0.1249989,2,-0.1249988768236534,1.050105128311274e-06,0.0029129736123793657,0.00390625,0.9990234375,False,False
UQCI-030,QCI-042,kg1d_Nspace10_state20,Klein-Gordon 1D,1,1,1,20,6a8cdc4f08442f441bbb6a56,6,111111111110010000000000,-0.1249989,1,-0.12499880537182885,1.1215569528655323e-06,0.003009490015416752,-0.001953125,1.0,False,False
UQCI-030,QCI-042,kg1d_Nspace10_state20,Klein-Gordon 1D,1,1,1,20,6a8cdc4f08442f441bbb6a56,7,111111111100010000000001,-0.124997,2,-0.12499692321134934,3.0037174323788163e-06,0.004910633514773674,-0.00390625,1.0009765625,False,False
UQCI-030,QCI-042,kg1d_Nspace10_state20,Klein-Gordon 1D,1,1,1,20,6a8cdc4f08442f441bbb6a56,8,111111110100010000000100,-0.1249797,1,-0.12497968137610446,2.0245552677253253e-05,0.012729849663001794,-0.01171875,1.00390625,False,False
UQCI-032,QCI-044,kg1d_Nspace10_state20,Klein-Gordon 1D,2,1,1,20,6a8cdc5f08442f441bbb6a57,0,000000000001001111111111,-0.1249999,1,-0.12499987848892932,4.8441368846741106e-08,0.0006870873690201838,0.0009765625,0.9990234375,False,False
UQCI-032,QCI-044,kg1d_Nspace10_state20,Klein-Gordon 1D,2,1,1,20,6a8cdc5f08442f441bbb6a57,1,000000000000010000000000,-0.1249998,7,-0.1249998125000937,1.1443020446477714e-07,0.001,0.0,1.0,False,False
UQCI-032,QCI-044,kg1d_Nspace10_state20,Klein-Gordon 1D,2,1,1,20,6a8cdc5f08442f441bbb6a57,2,000000000010001111111111,-0.1249998,2,-0.1249998040223764,1.2290792177072074e-07,0.0010333546213106063,0.001953125,0.9990234375,False,False
UQCI-032,QCI-044,kg1d_Nspace10_state20,Klein-Gordon 1D,2,1,1,20,6a8cdc5f08442f441bbb6a57,3,000000000011001111111111,-0.1249995,1,-0.12499947013522661,4.567950715600455e-07,0.0019336287925120301,0.0029296875,0.9990234375,False,False
UQCI-032,QCI-044,kg1d_Nspace10_state20,Klein-Gordon 1D,2,1,1,20,6a8cdc5f08442f441bbb6a57,4,111111111111010000000000,-0.1249994,3,-0.12499943864929387,4.882810042960983e-07,0.0019977006548943317,-0.0009765625,1.0,False,False
UQCI-032,QCI-044,kg1d_Nspace10_state20,Klein-Gordon 1D,2,1,1,20,6a8cdc5f08442f441bbb6a57,5,111111111111001111111111,-0.1249993,2,-0.12499924916024746,6.777700507082374e-07,0.0023466403752225302,-0.0009765625,0.9990234375,False,False
UQCI-032,QCI-044,kg1d_Nspace10_state20,Klein-Gordon 1D,2,1,1,20,6a8cdc5f08442f441bbb6a57,6,000000000100001111111111,-0.1249989,1,-0.12499887682748001,1.0501028181592043e-06,0.002912968357914243,0.00390625,0.9990234375,False,False
UQCI-032,QCI-044,kg1d_Nspace10_state20,Klein-Gordon 1D,2,1,1,20,6a8cdc5f08442f441bbb6a57,7,111111111101010000000001,-0.124998,1,-0.12499800480392927,1.9221263689028767e-06,0.00393212112697861,-0.0029296875,1.0009765625,False,False
UQCI-032,QCI-044,kg1d_Nspace10_state20,Klein-Gordon 1D,2,1,1,20,6a8cdc5f08442f441bbb6a57,8,000000001000001111111101,-0.1249941,1,-0.12499408458544539,5.842344852777237e-06,0.006842758223144416,0.0078125,0.9970703125,False,False
UQCI-032,QCI-044,kg1d_Nspace10_state20,Klein-Gordon 1D,2,1,1,20,6a8cdc5f08442f441bbb6a57,9,111111111010010000000010,-0.124994,1,-0.12499404704673028,5.879883567885824e-06,0.0068646667784333214,-0.005859375,1.001953125,False,False
UQCI-033,QCI-045,kg1d_Nspace10_state20,Klein-Gordon 1D,3,0,1,20,6a8cdc6f08442f441bbb6a58,0,010000000000111011010000,-0.1197267,5,-0.11972666377765363,0.0,0.0003065554409106452,1.0,-0.296875,True,True
UQCI-033,QCI-045,kg1d_Nspace10_state20,Klein-Gordon 1D,3,0,1,20,6a8cdc6f08442f441bbb6a58,1,010000000000111011001111,-0.1197265,1,-0.11972653165549342,1.321221602124112e-07,0.0010943069788649038,1.0,-0.2978515625,False,True
UQCI-033,QCI-045,kg1d_Nspace10_state20,Klein-Gordon 1D,3,0,1,20,6a8cdc6f08442f441bbb6a58,2,010000000001111011001111,-0.1197264,1,-0.11972641084878045,2.529288731789592e-07,0.0014854388669432905,1.0009765625,-0.2978515625,False,True
UQCI-033,QCI-045,kg1d_Nspace10_state20,Klein-Gordon 1D,3,0,1,20,6a8cdc6f08442f441bbb6a58,3,010000000100111011001111,-0.1197245,1,-0.11972455756875179,2.1062089018419883e-06,0.00420544719340357,1.00390625,-0.2978515625,False,True
UQCI-033,QCI-045,kg1d_Nspace10_state20,Klein-Gordon 1D,3,0,1,20,6a8cdc6f08442f441bbb6a58,4,010000000100111011010000,-0.1197244,1,-0.1197244194960624,2.244281591234909e-06,0.004340393826230219,1.00390625,-0.296875,False,True
UQCI-033,QCI-045,kg1d_Nspace10_state20,Klein-Gordon 1D,3,0,1,20,6a8cdc6f08442f441bbb6a58,5,010000100000111010111111,-0.1196008,1,-0.11960083534890299,0.0001258284287506406,0.03242002475479919,1.03125,-0.3134765625,False,True
UQCI-033,QCI-045,kg1d_Nspace10_state20,Klein-Gordon 1D,3,0,1,20,6a8cdc6f08442f441bbb6a58,6,010000000000111100000000,-0.1194645,4,-0.11946445341312335,0.0002622103645302798,0.046799238222829005,1.0,-0.25,False,True
UQCI-033,QCI-045,kg1d_Nspace10_state20,Klein-Gordon 1D,3,0,1,20,6a8cdc6f08442f441bbb6a58,7,010000101011111100000000,-0.1190925,1,-0.1190925591740681,0.0006341046035855391,0.07277611118676028,1.0419921875,-0.25,False,True
UQCI-033,QCI-045,kg1d_Nspace10_state20,Klein-Gordon 1D,3,0,1,20,6a8cdc6f08442f441bbb6a58,8,010001000000111100000000,-0.118744,1,-0.11874396009851602,0.0009827036791376087,0.09059793863859057,1.0625,-0.25,False,True
UQCI-033,QCI-045,kg1d_Nspace10_state20,Klein-Gordon 1D,3,0,1,20,6a8cdc6f08442f441bbb6a58,9,001110110000000000000000,-0.1100328,1,-0.1100328138662682,0.00969384991138543,0.28454629610086,0.921875,0.0,False,True
UQCI-033,QCI-045,kg1d_Nspace10_state20,Klein-Gordon 1D,3,0,1,20,6a8cdc6f08442f441bbb6a58,10,001101111111000000000000,-0.1097698,1,-0.10976983654648395,0.009956827231169682,0.2883800881323787,0.8740234375,0.0,False,True
UQCI-033,QCI-045,kg1d_Nspace10_state20,Klein-Gordon 1D,3,0,1,20,6a8cdc6f08442f441bbb6a58,11,010000000000000000000000,-0.10918,2,-0.109180025087347,0.010546638690306628,0.2967985704721533,1.0,0.0,False,True
UQCI-034,QCI-046,kg1d_Nspace10_state20,Klein-Gordon 1D,3,1,1,20,6a8cdc8108442f441bbb6a59,0,000000000001010000000000,-0.1249999,4,-0.12499992693029817,0.0,0.0002907884223366695,0.0009765625,1.0,True,True
UQCI-034,QCI-046,kg1d_Nspace10_state20,Klein-Gordon 1D,3,1,1,20,6a8cdc8108442f441bbb6a59,1,000000000000010000000000,-0.1249998,7,-0.1249998125000937,1.1443020446477714e-07,0.001,0.0,1.0,False,False
UQCI-034,QCI-046,kg1d_Nspace10_state20,Klein-Gordon 1D,3,1,1,20,6a8cdc8108442f441bbb6a59,2,000000000010001111111111,-0.1249998,1,-0.12499980402237643,1.2290792174296516e-07,0.0010333546213109474,0.001953125,0.9990234375,False,False
UQCI-034,QCI-046,kg1d_Nspace10_state20,Klein-Gordon 1D,3,1,1,20,6a8cdc8108442f441bbb6a59,3,000000000011001111111111,-0.1249995,1,-0.12499947013522664,4.5679507153228993e-07,0.001933628792512104,0.0029296875,0.9990234375,False,False
UQCI-034,QCI-046,kg1d_Nspace10_state20,Klein-Gordon 1D,3,1,1,20,6a8cdc8108442f441bbb6a59,4,111111111111010000000000,-0.1249994,1,-0.12499943864929428,4.882810038936425e-07,0.0019977006548942675,-0.0009765625,1.0,False,False
UQCI-034,QCI-046,kg1d_Nspace10_state20,Klein-Gordon 1D,3,1,1,20,6a8cdc8108442f441bbb6a59,5,000000000100001111111111,-0.1249989,1,-0.12499887682747995,1.0501028182147154e-06,0.0029129683579141316,0.00390625,0.9990234375,False,False
UQCI-034,QCI-046,kg1d_Nspace10_state20,Klein-Gordon 1D,3,1,1,20,6a8cdc8108442f441bbb6a59,6,111111111110010000000001,-0.1249988,1,-0.12499882697208532,1.0999582128468077e-06,0.0029806422166011102,-0.001953125,1.0009765625,False,False
UQCI-034,QCI-046,kg1d_Nspace10_state20,Klein-Gordon 1D,3,1,1,20,6a8cdc8108442f441bbb6a59,7,111111111011010000000001,-0.1249955,1,-0.12499558220582736,4.344724470806138e-06,0.005902742673055983,-0.0048828125,1.0009765625,False,False
UQCI-034,QCI-046,kg1d_Nspace10_state20,Klein-Gordon 1D,3,1,1,20,6a8cdc8108442f441bbb6a59,8,111111111010010000000001,-0.124994,1,-0.12499398177588093,5.945154417236198e-06,0.006902594949550015,-0.005859375,1.0009765625,False,False
UQCI-034,QCI-046,kg1d_Nspace10_state20,Klein-Gordon 1D,3,1,1,20,6a8cdc8108442f441bbb6a59,9,111111110111010000000100,-0.1249878,1,-0.12498773923347067,1.218769682749532e-05,0.00987857182440098,-0.0087890625,1.00390625,False,False
UQCI-034,QCI-046,kg1d_Nspace10_state20,Klein-Gordon 1D,3,1,1,20,6a8cdc8108442f441bbb6a59,10,111111101111010000001000,-0.1249601,1,-0.12496013572600591,3.979120429226102e-05,0.017844168555061428,-0.0166015625,1.0078125,False,False
