block_1based,column,gamma_i,rounded_objective,greedy_objective,objective_improvement_fraction,rounded_residual_norm,greedy_residual_norm,greedy_flips,hamming_vs_rounded
1,0,0.25,9.5367431640625e-07,8.344650268554688e-07,0.125,0.0009765625,0.0009134905729428568,1,1
1,1,0.25,1.0728836059570312e-06,6.556510925292969e-07,0.3888888888888889,0.0010358009490037316,0.0008097228492078613,2,2
1,2,0.25,5.364418029785156e-07,5.364418029785156e-07,0.0,0.000732421875,0.000732421875,0,0
1,3,0.25,8.940696716308594e-07,5.364418029785156e-07,0.4,0.0009455525747576702,0.000732421875,1,1
1,4,0.25,8.940696716308594e-07,5.364418029785156e-07,0.4,0.0009455525747576702,0.000732421875,1,1
1,5,0.25,5.364418029785156e-07,5.364418029785156e-07,0.0,0.000732421875,0.000732421875,0,0
1,6,0.25,1.0728836059570312e-06,6.556510925292969e-07,0.3888888888888889,0.0010358009490037316,0.0008097228492078613,2,2
1,7,0.25,9.5367431640625e-07,8.344650268554688e-07,0.125,0.0009765625,0.0009134905729428568,1,1
2,0,0.33260869565217394,7.80079056093241e-07,7.80079056093241e-07,0.0,0.0008832208421981679,0.0008832208421981679,0,0
2,1,0.33260869565217394,1.2370995634007014e-06,1.2370995634007014e-06,0.0,0.0011122497756352668,0.0011122497756352668,0,0
2,2,0.33260869565217394,7.910093310721955e-07,7.910093310721955e-07,0.0,0.0008893870535780221,0.0008893870535780221,0,0
2,3,0.33260869565217394,5.469513572771316e-07,5.469513572771316e-07,0.0,0.0007395615980275961,0.0007395615980275961,0,0
2,4,0.33260869565217394,5.469513572770965e-07,5.469513572770965e-07,0.0,0.0007395615980275724,0.0007395615980275724,0,0
2,5,0.33260869565217394,7.91009331072237e-07,7.91009331072237e-07,0.0,0.0008893870535780454,0.0008893870535780454,0,0
2,6,0.33260869565217394,1.2370995634006896e-06,1.2370995634006896e-06,0.0,0.0011122497756352616,0.0011122497756352616,0,0
2,7,0.33260869565217394,7.800790560932446e-07,7.800790560932446e-07,0.0,0.0008832208421981699,0.0008832208421981699,0,0
3,0,0.3708039421681924,1.9657807647332836e-06,1.9657807647332836e-06,0.0,0.0014020630387872306,0.0014020630387872306,0,0
3,1,0.3708039421681924,8.262208653493458e-07,8.262208653493458e-07,0.0,0.0009089669220325599,0.0009089669220325599,0,0
3,2,0.3708039421681924,8.142501980448777e-07,8.142501980448777e-07,0.0,0.0009023581318106894,0.0009023581318106894,0,0
3,3,0.3708039421681924,2.024144175053331e-06,2.024144175053331e-06,0.0,0.0014227242090627864,0.0014227242090627864,0,0
3,4,0.3708039421681924,2.0241441750534474e-06,2.0241441750534474e-06,0.0,0.0014227242090628274,0.0014227242090628274,0,0
3,5,0.3708039421681924,8.142501980447825e-07,8.142501980447825e-07,0.0,0.0009023581318106368,0.0009023581318106368,0,0
3,6,0.3708039421681924,8.262208653493865e-07,8.262208653493865e-07,0.0,0.0009089669220325822,0.0009089669220325822,0,0
3,7,0.3708039421681924,1.9657807647332785e-06,1.9657807647332785e-06,0.0,0.001402063038787229,0.001402063038787229,0,0
4,0,0.3896221677956201,1.7324535407574806e-06,1.7324535407574806e-06,0.0,0.0013162270095836359,0.0013162270095836359,0,0
4,1,0.3896221677956201,1.1397264862211264e-06,1.1397264862211264e-06,0.0,0.0010675797329572749,0.0010675797329572749,0,0
4,2,0.3896221677956201,3.1063709920260694e-06,1.4050693878635462e-06,0.5476813968871382,0.0017624899977095102,0.0011853562282552643,1,1
4,3,0.3896221677956201,9.508417060743904e-07,9.508417060743904e-07,0.0,0.0009751111249875013,0.0009751111249875013,0,0
4,4,0.3896221677956201,9.508417060743971e-07,9.508417060743971e-07,0.0,0.0009751111249875047,0.0009751111249875047,0,0
4,5,0.3896221677956201,3.1063709920260995e-06,1.4050693878636152e-06,0.5476813968871205,0.0017624899977095188,0.0011853562282552934,1,1
4,6,0.3896221677956201,1.1397264862211588e-06,1.1397264862211588e-06,0.0,0.00106757973295729,0.00106757973295729,0,0
4,7,0.3896221677956201,1.7324535407576828e-06,1.7324535407576828e-06,0.0,0.0013162270095837126,0.0013162270095837126,0,0
5,0,0.3989582770030386,1.112931555300739e-06,1.112931555300739e-06,0.0,0.0010549557124831066,0.0010549557124831066,0,0
5,1,0.3989582770030386,1.818381045824098e-06,1.6130829246793742e-06,0.11290159541433291,0.0013484735984898252,0.0012700720155484784,1,1
5,2,0.3989582770030386,1.1959733105581736e-06,1.1959733105581736e-06,0.0,0.001093605646729283,0.001093605646729283,0,0
5,3,0.3989582770030386,6.483896481876272e-07,6.483896481876272e-07,0.0,0.0008052264577046802,0.0008052264577046802,0,0
5,4,0.3989582770030386,6.483896481875925e-07,6.483896481875925e-07,0.0,0.0008052264577046587,0.0008052264577046587,0,0
5,5,0.3989582770030386,1.1959733105582642e-06,1.1959733105582642e-06,0.0,0.0010936056467293245,0.0010936056467293245,0,0
5,6,0.3989582770030386,1.8183810458241516e-06,1.6130829246793782e-06,0.11290159541435683,0.001348473598489845,0.00127007201554848,1,1
5,7,0.3989582770030386,1.1129315553007765e-06,1.1129315553007765e-06,0.0,0.0010549557124831244,0.0010549557124831244,0,0
6,0,0.4036012574666419,1.125490620216476e-06,1.125490620216476e-06,0.0,0.0010608914271575936,0.0010608914271575936,0,0
6,1,0.4036012574666419,2.579783244644418e-06,1.0766342324359866e-06,0.5826648480367259,0.001606170366008668,0.0010376098652364416,2,2
6,2,0.4036012574666419,3.3515607694023446e-06,1.0908311375587791e-06,0.674530401621422,0.0018307268418315018,0.0010444286177421504,2,2
6,3,0.4036012574666419,1.2177000392598297e-06,1.2177000392598297e-06,0.0,0.0011034944672538372,0.0011034944672538372,0,0
6,4,0.4036012574666419,1.2177000392600074e-06,1.2177000392600074e-06,0.0,0.0011034944672539176,0.0011034944672539176,0,0
6,5,0.4036012574666419,3.3515607694021786e-06,1.0908311375585183e-06,0.6745304016214837,0.0018307268418314565,0.0010444286177420255,2,2
6,6,0.4036012574666419,2.5797832446444642e-06,1.076634232436034e-06,0.5826648480367149,0.0016061703660086822,0.0010376098652364644,2,2
6,7,0.4036012574666419,1.1254906202163967e-06,1.1254906202163967e-06,0.0,0.0010608914271575563,0.0010608914271575563,0,0
7,0,0.4059162504274479,5.266728730275259e-07,5.266728730275259e-07,0.0,0.000725722311237243,0.000725722311237243,0,0
7,1,0.4059162504274479,5.240916346673119e-07,5.240916346673119e-07,0.0,0.0007239417343041578,0.0007239417343041578,0,0
7,2,0.4059162504274479,5.388412052603625e-07,5.388412052603625e-07,0.0,0.0007340580394358218,0.0007340580394358218,0,0
7,3,0.4059162504274479,6.311722404814796e-07,6.311722404814796e-07,0.0,0.0007944634922269743,0.0007944634922269743,0,0
7,4,0.4059162504274479,6.311722404815797e-07,6.311722404815797e-07,0.0,0.0007944634922270373,0.0007944634922270373,0,0
7,5,0.4059162504274479,5.388412052601219e-07,5.388412052601219e-07,0.0,0.000734058039435658,0.000734058039435658,0,0
7,6,0.4059162504274479,5.240916346671441e-07,5.240916346671441e-07,0.0,0.000723941734304042,0.000723941734304042,0,0
7,7,0.4059162504274479,5.266728730275043e-07,5.266728730275043e-07,0.0,0.0007257223112372282,0.0007257223112372282,0,0
8,0,0.4070728340541042,6.7873397456333e-07,6.7873397456333e-07,0.0,0.0008238531268152899,0.0008238531268152899,0,0
8,1,0.4070728340541042,1.2285208666054778e-06,1.023602117384469e-06,0.1668011954792588,0.0011083866052084344,0.0010117322360113218,1,1
8,2,0.4070728340541042,1.9477626150486784e-06,1.7450597411017998e-06,0.10406959882111334,0.00139562266212923,0.0013210070935092664,1,1
8,3,0.4070728340541042,2.0023032382412608e-06,1.0684406551685676e-06,0.4663941830773639,0.0014150276457515806,0.00103365403069333,1,1
8,4,0.4070728340541042,2.0023032382412036e-06,1.06844065516856e-06,0.4663941830773525,0.0014150276457515604,0.0010336540306933263,1,1
8,5,0.4070728340541042,1.947762615048731e-06,1.745059741101691e-06,0.10406959882119338,0.0013956226621292486,0.0013210070935092252,1,1
8,6,0.4070728340541042,1.2285208666053637e-06,1.0236021173844545e-06,0.1668011954791933,0.001108386605208383,0.0010117322360113147,1,1
8,7,0.4070728340541042,6.787339745633269e-07,6.787339745633269e-07,0.0,0.0008238531268152879,0.0008238531268152879,0,0
9,0,0.40765140429830965,8.79218091011286e-07,8.79218091011286e-07,0.0,0.0009376663004562369,0.0009376663004562369,0,0
9,1,0.40765140429830965,9.456692220618366e-07,9.456692220618366e-07,0.0,0.0009724552545293982,0.0009724552545293982,0,0
9,2,0.40765140429830965,2.252106528641709e-06,1.0422234484077518e-06,0.5372228466313547,0.0015007020119403149,0.001020893455953045,1,1
9,3,0.40765140429830965,1.376055463749753e-06,1.376055463749753e-06,0.0,0.0011730539048780977,0.0011730539048780977,0,0
9,4,0.40765140429830965,1.3760554637497846e-06,1.3760554637497846e-06,0.0,0.001173053904878111,0.001173053904878111,0,0
9,5,0.40765140429830965,2.2521065286413144e-06,1.0422234484075324e-06,0.5372228466313709,0.0015007020119401835,0.0010208934559529374,1,1
9,6,0.40765140429830965,9.45669222061842e-07,9.45669222061842e-07,0.0,0.000972455254529401,0.000972455254529401,0,0
9,7,0.40765140429830965,8.792180910113038e-07,8.792180910113038e-07,0.0,0.0009376663004562464,0.0009376663004562464,0,0
10,0,0.40794103732717135,1.2248112845754917e-06,9.787728671433078e-07,0.20087863373781584,0.0011067119248365817,0.0009893295038273689,1,1
10,1,0.40794103732717135,3.169849947563159e-06,2.4563836416800516e-06,0.22507888943815427,0.001780407242055356,0.0015672854372066538,2,2
10,2,0.40794103732717135,2.988049405087621e-06,2.988049405087621e-06,0.0,0.001728597525477698,0.001728597525477698,0,0
10,3,0.40794103732717135,2.414521150137936e-06,2.022710968631236e-06,0.1622724164103167,0.001553872951736382,0.0014222204360194084,1,1
10,4,0.40794103732717135,2.4145211501380577e-06,2.0227109686312e-06,0.16227241641037377,0.001553872951736421,0.0014222204360193958,1,1
10,5,0.40794103732717135,2.988049405087406e-06,2.988049405087406e-06,0.0,0.001728597525477636,0.001728597525477636,0,0
10,6,0.40794103732717135,3.1698499475624317e-06,2.456383641679549e-06,0.2250788894381351,0.0017804072420551517,0.0015672854372064933,2,2
10,7,0.40794103732717135,1.2248112845754608e-06,9.787728671433023e-07,0.20087863373780016,0.0011067119248365678,0.000989329503827366,1,1
11,0,0.40808608408532365,8.381347544023415e-07,8.381347544023415e-07,0.0,0.0009154969985763697,0.0009154969985763697,0,0
11,1,0.40808608408532365,1.7310438854930743e-06,1.3955083336836454e-06,0.19383422605363593,0.0013156914096751845,0.0011813163563092002,1,1
11,2,0.40808608408532365,3.0554328127763197e-06,3.0554328127763197e-06,0.0,0.0017479796374032278,0.0017479796374032278,0,0
11,3,0.40808608408532365,2.200437289565464e-06,2.1888422429760693e-06,0.005269428328804842,0.0014833871003771956,0.0014794736371345281,1,1
11,4,0.40808608408532365,2.2004372895654608e-06,2.1888422429760664e-06,0.005269428328804658,0.0014833871003771945,0.001479473637134527,1,1
11,5,0.40808608408532365,3.055432812776384e-06,3.055432812776384e-06,0.0,0.0017479796374032463,0.0017479796374032463,0,0
11,6,0.40808608408532365,1.7310438854933491e-06,1.3955083336839233e-06,0.19383422605360343,0.001315691409675289,0.001181316356309318,1,1
11,7,0.40808608408532365,8.381347544024431e-07,8.381347544024431e-07,0.0,0.0009154969985764252,0.0009154969985764252,0,0
12,0,0.4081587374014316,6.816778389499961e-07,6.816778389499961e-07,0.0,0.0008256378376443246,0.0008256378376443246,0,0
12,1,0.4081587374014316,1.7037551041321633e-06,1.3543983686099397e-06,0.20505102797633257,0.0013052797034092591,0.0011637862211806513,1,1
12,2,0.4081587374014316,3.1697753613786784e-06,3.1697753613786784e-06,0.0,0.0017803862955489964,0.0017803862955489964,0,0
12,3,0.4081587374014316,2.169551591938725e-06,2.169551591938725e-06,0.0,0.0014729397787889107,0.0014729397787889107,0,0
12,4,0.4081587374014316,2.1695515919386753e-06,2.1695515919386753e-06,0.0,0.0014729397787888938,0.0014729397787888938,0,0
12,5,0.4081587374014316,3.1697753613784433e-06,3.1697753613784433e-06,0.0,0.0017803862955489303,0.0017803862955489303,0,0
12,6,0.4081587374014316,1.7037551041322425e-06,1.3543983686100282e-06,0.20505102797631758,0.0013052797034092895,0.0011637862211806892,1,1
12,7,0.4081587374014316,6.81677838949859e-07,6.81677838949859e-07,0.0,0.0008256378376442416,0.0008256378376442416,0,0
13,0,0.40819513289923076,6.265437226871311e-07,6.265437226871311e-07,0.0,0.0007915451488621044,0.0007915451488621044,0,0
13,1,0.40819513289923076,1.71190200045262e-06,1.355602374910609e-06,0.20813085413055582,0.0013083967289979825,0.001164303386111459,1,1
13,2,0.40819513289923076,3.2472880641474516e-06,3.2472880641474516e-06,0.0,0.001802023325084182,0.001802023325084182,0,0
13,3,0.40819513289923076,2.173239386600593e-06,2.173239386600593e-06,0.0,0.0014741910956862388,0.0014741910956862388,0,0
13,4,0.40819513289923076,2.1732393866007223e-06,2.1732393866007223e-06,0.0,0.0014741910956862826,0.0014741910956862826,0,0
13,5,0.40819513289923076,3.2472880641467986e-06,3.2472880641467986e-06,0.0,0.0018020233250840008,0.0018020233250840008,0,0
13,6,0.40819513289923076,1.7119020004526224e-06,1.355602374910614e-06,0.20813085413055407,0.0013083967289979834,0.001164303386111461,1,1
13,7,0.40819513289923076,6.265437226869881e-07,6.265437226869881e-07,0.0,0.0007915451488620141,0.0007915451488620141,0,0
14,0,0.40821336608776715,6.04756845349803e-07,6.04756845349803e-07,0.0,0.0007776611378677753,0.0007776611378677753,0,0
14,1,0.40821336608776715,1.7214603848529844e-06,1.3616775511069032e-06,0.20899861356775126,0.0013120443532339081,0.0011669094014133672,1,1
14,2,0.40821336608776715,3.291199129925441e-06,3.2782650144307967e-06,0.00392990973321553,0.0018141662354716674,0.001810597971508528,1,1
14,3,0.40821336608776715,2.17989562326126e-06,2.17989562326126e-06,0.0,0.0014764469591764073,0.0014764469591764073,0,0
14,4,0.40821336608776715,2.1798956232613516e-06,2.1798956232613516e-06,0.0,0.0014764469591764383,0.0014764469591764383,0,0
14,5,0.40821336608776715,3.2911991299255216e-06,3.278265014430875e-06,0.003929909733216077,0.0018141662354716895,0.0018105979715085498,1,1
14,6,0.40821336608776715,1.721460384853024e-06,1.3616775511069479e-06,0.2089986135677435,0.0013120443532339233,0.0011669094014133865,1,1
14,7,0.40821336608776715,6.04756845349803e-07,6.04756845349803e-07,0.0,0.0007776611378677753,0.0007776611378677753,0,0
15,0,0.40822250067772226,5.953062142582132e-07,5.953062142582132e-07,0.0,0.0007715608947181118,0.0007715608947181118,0,0
15,1,0.40822250067772226,1.7276238570397098e-06,1.3660946793020333e-06,0.20926382572486474,0.0013143910594034447,0.0011688005301598871,1,1
15,2,0.40822250067772226,3.3144730076329354e-06,3.279310091446737e-06,0.010608901054623577,0.0018205694185152446,0.0018108865484747344,1,1
15,3,0.40822250067772226,2.1844372703237467e-06,2.1844372703237467e-06,0.0,0.0014779841914999451,0.0014779841914999451,0,0
15,4,0.40822250067772226,2.1844372703236137e-06,2.1844372703236137e-06,0.0,0.0014779841914999003,0.0014779841914999003,0,0
15,5,0.40822250067772226,3.31447300763288e-06,3.279310091446522e-06,0.010608901054671927,0.0018205694185152292,0.001810886548474675,1,1
15,6,0.40822250067772226,1.7276238570397576e-06,1.3660946793020875e-06,0.20926382572485527,0.0013143910594034629,0.0011688005301599103,1,1
15,7,0.40822250067772226,5.953062142583022e-07,5.953062142583022e-07,0.0,0.0007715608947181695,0.0007715608947181695,0,0
16,0,0.40822707704914535,5.909390544299768e-07,5.909390544299768e-07,0.0,0.0007687256041202067,0.0007687256041202067,0,0
16,1,0.40822707704914535,1.7310568188764062e-06,1.3686523951758586e-06,0.2093544358271134,0.0013156963247179822,0.001169894181187281,1,1
16,2,0.40822707704914535,3.3264531190768523e-06,3.2801535962250806e-06,0.013918585711083353,0.0018238566607814476,0.0018111194317948997,1,1
16,3,0.40822707704914535,2.1870155519042184e-06,2.1870155519042184e-06,0.0,0.0014788561633587692,0.0014788561633587692,0,0
16,4,0.40822707704914535,2.187015551904133e-06,2.187015551904133e-06,0.0,0.0014788561633587401,0.0014788561633587401,0,0
16,5,0.40822707704914535,3.3264531190768904e-06,3.2801535962251653e-06,0.013918585711069187,0.001823856660781458,0.001811119431794923,1,1
16,6,0.40822707704914535,1.731056818876467e-06,1.3686523951759016e-06,0.20935443582711633,0.0013156963247180054,0.0011698941811872994,1,1
16,7,0.40822707704914535,5.909390544300234e-07,5.909390544300234e-07,0.0,0.0007687256041202371,0.0007687256041202371,0,0
17,0,0.4082293697974063,5.888433758762734e-07,5.888433758762734e-07,0.0,0.0007673613072577177,0.0007673613072577177,0,0
17,1,0.4082293697974063,1.7328633446863031e-06,1.370020337291072e-06,0.2093892796035315,0.001316382674105939,0.0011704786786999035,1,1
17,2,0.4082293697974063,3.3325354544237845e-06,3.2806564980991983e-06,0.015567413170569365,0.0018255233371348022,0.0018112582637766481,1,1
17,3,0.4082293697974063,2.188383303091881e-06,2.188383303091881e-06,0.0,0.0014793185265830617,0.0014793185265830617,0,0
17,4,0.4082293697974063,2.188383303091776e-06,2.188383303091776e-06,0.0,0.0014793185265830264,0.0014793185265830264,0,0
17,5,0.4082293697974063,3.3325354544235384e-06,3.280656498099151e-06,0.015567413170510911,0.0018255233371347347,0.0018112582637766351,1,1
17,6,0.4082293697974063,1.732863344686279e-06,1.370020337291073e-06,0.20938927960351997,0.00131638267410593,0.001170478678699904,1,1
17,7,0.4082293697974063,5.888433758762658e-07,5.888433758762658e-07,0.0,0.0007673613072577128,0.0007673613072577128,0,0
18,0,0.40823051846120917,5.878166001499883e-07,5.878166001499883e-07,0.0,0.0007666919851870035,0.0007666919851870035,0,0
18,1,0.40823051846120917,1.7337901540766149e-06,1.3707273939206736e-06,0.2094040961660103,0.001316734655910831,0.0011707806771213273,1,1
18,2,0.40823051846120917,3.3356028613681845e-06,3.280928610243883e-06,0.0163911153085759,0.0018263632884418653,0.0018113333791005683,1,1
18,3,0.40823051846120917,2.1890876309054237e-06,2.1890876309054237e-06,0.0,0.0014795565656322248,0.0014795565656322248,0,0
18,4,0.40823051846120917,2.1890876309054237e-06,2.1890876309054237e-06,0.0,0.0014795565656322248,0.0014795565656322248,0,0
18,5,0.40823051846120917,3.335602861368111e-06,3.2809286102438333e-06,0.01639111530856915,0.0018263632884418454,0.0018113333791005546,1,1
18,6,0.40823051846120917,1.7337901540766015e-06,1.3707273939206539e-06,0.20940409616601557,0.001316734655910826,0.0011707806771213188,1,1
18,7,0.40823051846120917,5.878166001499663e-07,5.878166001499663e-07,0.0,0.0007666919851869891,0.0007666919851869891,0,0
19,0,0.40823109394119966,5.873079983706293e-07,5.873079983706293e-07,0.0,0.0007663602275500924,0.0007663602275500924,0,0
19,1,0.40823109394119966,1.7342599424646709e-06,1.3710870803240564e-06,0.2094108577659273,0.001316913035270238,0.0011709342766885152,1,1
19,2,0.40823109394119966,3.337144692342678e-06,3.281069998572026e-06,0.016803195228339788,0.001826785343805527,0.001811372407477829,1,1
19,3,0.40823109394119966,2.1894452895400034e-06,2.1894452895400034e-06,0.0,0.0014796774275293934,0.0014796774275293934,0,0
19,4,0.40823109394119966,2.1894452895400458e-06,2.1894452895400458e-06,0.0,0.0014796774275294077,0.0014796774275294077,0,0
19,5,0.40823109394119966,3.3371446923426775e-06,3.281069998572186e-06,0.01680319522829169,0.001826785343805527,0.0018113724074778732,1,1
19,6,0.40823109394119966,1.7342599424648176e-06,1.371087080324193e-06,0.20941085776591545,0.0013169130352702937,0.0011709342766885735,1,1
19,7,0.40823109394119966,5.873079983707219e-07,5.873079983707219e-07,0.0,0.0007663602275501528,0.0007663602275501528,0,0
20,0,0.4082313822566298,5.870546478399977e-07,5.870546478399977e-07,0.0,0.0007661949150444668,0.0007661949150444668,0,0
20,1,0.4082313822566298,1.7344966762017909e-06,1.3712686514246468e-06,0.2094140794622579,0.0013170029142723226,0.0011710118066973734,1,1
20,2,0.4082313822566298,3.3379184200559365e-06,3.281142104337525e-06,0.017009497708892526,0.0018269971045559805,0.0018113923109965783,1,1
20,3,0.4082313822566298,2.1896256789916655e-06,2.1896256789916655e-06,0.0,0.0014797383819417761,0.0014797383819417761,0,0
20,4,0.4082313822566298,2.1896256789918065e-06,2.1896256789918065e-06,0.0,0.0014797383819418236,0.0014797383819418236,0,0
20,5,0.4082313822566298,3.3379184200559543e-06,3.2811421043375427e-06,0.017009497708892436,0.0018269971045559855,0.0018113923109965833,1,1
20,6,0.4082313822566298,1.7344966762018328e-06,1.3712686514246892e-06,0.20941407946225257,0.0013170029142723387,0.0011710118066973916,1,1
20,7,0.4082313822566298,5.8705464783998e-07,5.8705464783998e-07,0.0,0.0007661949150444552,0.0007661949150444552,0,0
21,0,0.40823152670269836,5.869280853853264e-07,5.869280853853264e-07,0.0,0.000766112319040313,0.000766112319040313,0,0
21,1,0.40823152670269836,1.7346156236514093e-06,1.371359961982559e-06,0.20941565192649883,0.0013170480718832586,0.0011710507939378886,1,1
21,2,0.40823152670269836,3.3383063766530905e-06,3.281178548186413e-06,0.017112817704872406,0.0018271032747639337,0.0018114023705920264,1,1
21,3,0.40823152670269836,2.189716355966379e-06,2.189716355966379e-06,0.0,0.0014797690211537675,0.0014797690211537675,0,0
21,4,0.40823152670269836,2.1897163559664414e-06,2.1897163559664414e-06,0.0,0.0014797690211537885,0.0014797690211537885,0,0
21,5,0.40823152670269836,3.3383063766530625e-06,3.281178548186434e-06,0.01711281770485783,0.001827103274763926,0.0018114023705920323,1,1
21,6,0.40823152670269836,1.7346156236513966e-06,1.3713599619825341e-06,0.20941565192650743,0.0013170480718832538,0.001171050793937878,1,1
21,7,0.40823152670269836,5.869280853853343e-07,5.869280853853343e-07,0.0,0.0007661123190403183,0.0007661123190403183,0,0
22,0,0.40823159907021384,5.868647694811134e-07,5.868647694811134e-07,0.0,0.0007660709950658055,0.0007660709950658055,0,0
22,1,0.40823159907021384,1.7346753026496627e-06,1.371405794786468e-06,0.2094164292927396,0.0013170707280361457,0.001171070362867436,1,1
22,2,0.40823159907021384,3.3385008230520595e-06,3.2811968866011786e-06,0.017164571611066305,0.0018271564856497814,0.001811407432523445,1,1
22,3,0.40823159907021384,2.1897618609152618e-06,2.1897618609152618e-06,0.0,0.0014797843967670635,0.0014797843967670635,0,0
22,4,0.40823159907021384,2.189761860915094e-06,2.189761860915094e-06,0.0,0.0014797843967670067,0.0014797843967670067,0,0
22,5,0.40823159907021384,3.338500823052153e-06,3.2811968866012942e-06,0.017164571611059228,0.001827156485649807,0.0018114074325234768,1,1
22,6,0.40823159907021384,1.7346753026497152e-06,1.3714057947865137e-06,0.20941642929273718,0.0013170707280361655,0.0011710703628674555,1,1
22,7,0.40823159907021384,5.868647694810964e-07,5.868647694810964e-07,0.0,0.0007660709950657944,0.0007660709950657944,0,0
23,0,0.40823163532635987,5.868330712663938e-07,5.868330712663938e-07,0.0,0.0007660503059632532,0.0007660503059632532,0,0
23,1,0.40823163532635987,1.7347052235057018e-06,1.3714287786677761e-06,0.2094168161341976,0.0013170820868517277,0.0011710801760203167,1,1
23,2,0.40823163532635987,3.338598260846929e-06,3.2812060942428243e-06,0.017190497963521206,0.001827183149234616,0.001811409974092785,1,1
23,3,0.40823163532635987,2.189784677924151e-06,2.189784677924151e-06,0.0,0.0014797921063190434,0.0014797921063190434,0,0
23,4,0.40823163532635987,2.1897846779240185e-06,2.1897846779240185e-06,0.0,0.0014797921063189987,0.0014797921063189987,0,0
23,5,0.40823163532635987,3.338598260847398e-06,3.281206094243066e-06,0.01719049796358691,0.0018271831492347444,0.0018114099740928519,1,1
23,6,0.40823163532635987,1.7347052235056298e-06,1.3714287786677033e-06,0.2094168161342068,0.0013170820868517003,0.0011710801760202857,1,1
23,7,0.40823163532635987,5.868330712663581e-07,5.868330712663581e-07,0.0,0.0007660503059632299,0.0007660503059632299,0,0
24,0,0.40823165349070056,5.868171962415244e-07,5.868171962415244e-07,0.0,0.0007660399442858867,0.0007660399442858867,0,0
24,1,0.40823165349070056,1.734720219300695e-06,1.3714402990291164e-06,0.2094170092846586,0.0013170877796489858,0.0011710850947002599,1,1
24,2,0.40823165349070056,3.338647082256815e-06,3.2812107123178783e-06,0.01720348647935305,0.0018271965089329651,0.001811411248810683,1,1
24,3,0.40823165349070056,2.1897961140264578e-06,2.1897961140264578e-06,0.0,0.0014797959704048588,0.0014797959704048588,0,0
24,4,0.40823165349070056,2.1897961140263976e-06,2.1897961140263976e-06,0.0,0.0014797959704048384,0.0014797959704048384,0,0
24,5,0.40823165349070056,3.3386470822572973e-06,3.2812107123179956e-06,0.017203486479459913,0.001827196508933097,0.0018114112488107155,1,1
24,6,0.40823165349070056,1.734720219300688e-06,1.3714402990291005e-06,0.20941700928466456,0.001317087779648983,0.001171085094700253,1,1
24,7,0.40823165349070056,5.868171962415535e-07,5.868171962415535e-07,0.0,0.0007660399442859057,0.0007660399442859057,0,0
25,0,0.40823166259104127,5.868092443026106e-07,5.868092443026106e-07,0.0,0.0007660347539783104,0.0007660347539783104,0,0
25,1,0.40823166259104127,1.734727733563384e-06,1.3714460720965352e-06,0.20941710588820486,0.001317090632251017,0.0011710875595345273,1,1
25,2,0.40823166259104127,3.338671543065178e-06,3.281213027241251e-06,0.017209993580612995,0.0018272032024559222,0.0018114118877939525,1,1
25,3,0.40823166259104127,2.189801844715618e-06,2.189801844715618e-06,0.0,0.0014797979067141629,0.0014797979067141629,0,0
25,4,0.40823166259104127,2.189801844715789e-06,2.189801844715789e-06,0.0,0.0014797979067142206,0.0014797979067142206,0,0
25,5,0.40823166259104127,3.338671543065365e-06,3.2812130272412663e-06,0.01720999358066341,0.0018272032024559733,0.0018114118877939568,1,1
25,6,0.40823166259104127,1.7347277335633894e-06,1.3714460720965405e-06,0.20941710588820422,0.001317090632251019,0.0011710875595345297,1,1
25,7,0.40823166259104127,5.868092443025209e-07,5.868092443025209e-07,0.0,0.0007660347539782519,0.0007660347539782519,0,0
26,0,0.40823166715031467,5.868052607436454e-07,5.868052607436454e-07,0.0,0.0007660321538575554,0.0007660321538575554,0,0
26,1,0.40823166715031467,1.7347314985540324e-06,1.3714489647472851e-06,0.2094171542452291,0.0013170920615332977,0.0011710887945614052,1,1
26,2,0.40823166715031467,3.338683798255819e-06,3.281214187336194e-06,0.01721325360300605,0.001827206555990816,0.0018114122080123546,1,1
26,3,0.40823166715031467,2.1898047160939e-06,2.1898047160939e-06,0.0,0.0014797988769065544,0.0014797988769065544,0,0
26,4,0.40823166715031467,2.1898047160937665e-06,2.1898047160937665e-06,0.0,0.0014797988769065095,0.0014797988769065095,0,0
26,5,0.40823166715031467,3.3386837982555954e-06,3.281214187335971e-06,0.017213253603007076,0.0018272065559907548,0.001811412208012293,1,1
26,6,0.40823166715031467,1.7347314985540438e-06,1.3714489647472754e-06,0.20941715424523993,0.001317092061533302,0.001171088794561401,1,1
26,7,0.40823166715031467,5.868052607436569e-07,5.868052607436569e-07,0.0,0.0007660321538575629,0.0007660321538575629,0,0
27,0,0.4082316694345126,5.868032650703483e-07,5.868032650703483e-07,0.0,0.0007660308512523163,0.0007660308512523163,0,0
27,1,0.4082316694345126,1.7347333849018665e-06,1.3714504140523956e-06,0.20941717846170452,0.0013170927776363617,0.0011710894133465624,1,1
27,2,0.4082316694345126,3.338689938191384e-06,3.281214768623806e-06,0.017214886866287787,0.0018272082361327577,0.0018114123684638476,1,1
27,3,0.4082316694345126,2.1898061547302943e-06,2.1898061547302943e-06,0.0,0.0014797993629983405,0.0014797993629983405,0,0
27,4,0.4082316694345126,2.1898061547302896e-06,2.1898061547302896e-06,0.0,0.001479799362998339,0.001479799362998339,0,0
27,5,0.4082316694345126,3.338689938191277e-06,3.2812147686235495e-06,0.01721488686633312,0.0018272082361327285,0.0018114123684637767,1,1
27,6,0.4082316694345126,1.7347333849018759e-06,1.3714504140523981e-06,0.20941717846170732,0.0013170927776363652,0.0011710894133465635,1,1
27,7,0.4082316694345126,5.868032650702531e-07,5.868032650702531e-07,0.0,0.0007660308512522541,0.0007660308512522541,0,0
28,0,0.40823167057889653,5.868022652604678e-07,5.868022652604678e-07,0.0,0.0007660301986609064,0.0007660301986609064,0,0
28,1,0.40823167057889653,1.7347343299841799e-06,1.3714511401761334e-06,0.20941719059157574,0.0013170931364122204,0.001171089723367144,1,1
28,2,0.40823167057889653,3.3386930143204073e-06,3.281215059869559e-06,0.01721570512901676,0.0018272090778891198,0.0018114124488557428,1,1
28,3,0.40823167057889653,2.1898068755071057e-06,2.1898068755071057e-06,0.0,0.0014797996065370154,0.0014797996065370154,0,0
28,4,0.40823167057889653,2.18980687550714e-06,2.18980687550714e-06,0.0,0.001479799606537027,0.001479799606537027,0,0
28,5,0.40823167057889653,3.33869301432052e-06,3.2812150598695353e-06,0.017215705129057027,0.0018272090778891506,0.0018114124488557363,1,1
28,6,0.40823167057889653,1.7347343299841473e-06,1.3714511401761084e-06,0.2094171905915753,0.001317093136412208,0.001171089723367133,1,1
28,7,0.40823167057889653,5.868022652603491e-07,5.868022652603491e-07,0.0,0.000766030198660829,0.000766030198660829,0,0
29,0,0.40823167115223324,5.868017643609775e-07,5.868017643609775e-07,0.0,0.0007660298717158343,0.0007660298717158343,0,0
29,1,0.40823167115223324,1.7347348034763695e-06,1.3714515039700025e-06,0.20941719666796066,0.001317093316161148,0.0011710898786899333,1,1
29,2,0.40823167115223324,3.3386945554677042e-06,3.281215205788106e-06,0.017216115078711063,0.0018272094996107328,0.0018114124891333023,1,1
29,3,0.40823167115223324,2.1898072366208093e-06,2.1898072366208093e-06,0.0,0.001479799728551404,0.001479799728551404,0,0
29,4,0.40823167115223324,2.189807236620889e-06,2.189807236620889e-06,0.0,0.001479799728551431,0.001479799728551431,0,0
29,5,0.40823167115223324,3.3386945554678016e-06,3.2812152057882006e-06,0.017216115078711448,0.0018272094996107594,0.0018114124891333283,1,1
29,6,0.40823167115223324,1.734734803476322e-06,1.3714515039699415e-06,0.2094171966679742,0.00131709331616113,0.0011710898786899072,1,1
29,7,0.40823167115223324,5.868017643610268e-07,5.868017643610268e-07,0.0,0.0007660298717158665,0.0007660298717158665,0,0
30,0,0.4082316714394752,5.868015134117449e-07,5.868015134117449e-07,0.0,0.0007660297079172222,0.0007660297079172222,0,0
30,1,0.4082316714394752,1.734735040697217e-06,1.3714516862319341e-06,0.2094171997121091,0.0013170934062158297,0.0011710899565071566,1,1
30,2,0.4082316714394752,3.3386953275840474e-06,3.281215278894912e-06,0.01721632046333774,0.0018272097108936475,0.0018114125093128047,1,1
30,3,0.4082316714394752,2.189807417540419e-06,2.189807417540419e-06,0.0,0.0014797997896811646,0.0014797997896811646,0,0
30,4,0.4082316714394752,2.1898074175402887e-06,2.1898074175402887e-06,0.0,0.0014797997896811206,0.0014797997896811206,0,0
30,5,0.4082316714394752,3.338695327584039e-06,3.281215278894904e-06,0.017216320463337657,0.0018272097108936454,0.0018114125093128025,1,1
30,6,0.4082316714394752,1.7347350406972542e-06,1.3714516862319625e-06,0.20941719971210973,0.001317093406215844,0.0011710899565071688,1,1
30,7,0.4082316714394752,5.868015134116829e-07,5.868015134116829e-07,0.0,0.0007660297079171818,0.0007660297079171818,0,0
31,0,0.408231671583383,5.868013876868545e-07,5.868013876868545e-07,0.0,0.0007660296258545452,0.0007660296258545452,0,0
31,1,0.408231671583383,1.7347351595452561e-06,1.3714517775455614e-06,0.20941720123717666,0.0013170934513333729,0.0011710899954937542,1,1
31,2,0.408231671583383,3.338695714413837e-06,3.281215315521407e-06,0.017216423360857682,0.0018272098167462425,0.0018114125194227313,1,1
31,3,0.408231671583383,2.189807508180803e-06,2.189807508180803e-06,0.0,0.0014797998203070586,0.0014797998203070586,0,0
31,4,0.408231671583383,2.189807508180836e-06,2.189807508180836e-06,0.0,0.0014797998203070698,0.0014797998203070698,0,0
31,5,0.408231671583383,3.338695714413727e-06,3.281215315521325e-06,0.01721642336085,0.0018272098167462123,0.0018114125194227087,1,1
31,6,0.408231671583383,1.7347351595452805e-06,1.371451777545595e-06,0.20941720123716837,0.0013170934513333822,0.0011710899954937687,1,1
31,7,0.408231671583383,5.868013876867621e-07,5.868013876867621e-07,0.0,0.0007660296258544849,0.0007660296258544849,0,0
32,0,0.40823167165548124,5.868013246983979e-07,5.868013246983979e-07,0.0,0.0007660295847409537,0.0007660295847409537,0,0
32,1,0.40823167165548124,1.7347352190883274e-06,1.3714518232938567e-06,0.20941720200123143,0.001317093473937339,0.0011710900150261108,1,1
32,2,0.40823167165548124,3.338695908216438e-06,3.281215333871821e-06,0.017216474912602513,0.00182720986977863,0.0018114125244879536,1,1
32,3,0.40823167165548124,2.1898075535922513e-06,2.1898075535922513e-06,0.0,0.0014797998356508395,0.0014797998356508395,0,0
32,4,0.40823167165548124,2.1898075535925893e-06,2.1898075535925893e-06,0.0,0.0014797998356509536,0.0014797998356509536,0,0
32,5,0.40823167165548124,3.338695908216515e-06,3.2812153338719205e-06,0.017216474912595394,0.001827209869778651,0.0018114125244879811,1,1
32,6,0.40823167165548124,1.7347352190883147e-06,1.3714518232938567e-06,0.20941720200122566,0.001317093473937334,0.0011710900150261108,1,1
32,7,0.40823167165548124,5.868013246984028e-07,5.868013246984028e-07,0.0,0.0007660295847409568,0.0007660295847409568,0,0
33,0,0.4082316716916029,5.868012931407944e-07,5.868012931407944e-07,0.0,0.0007660295641427911,0.0007660295641427911,0,0
33,1,0.4082316716916029,1.7347352489196428e-06,1.3714518462139871e-06,0.2094172023839955,0.0013170934852620153,0.0011710900248119217,1,1
33,2,0.4082316716916029,3.338696005312843e-06,3.2812153430655827e-06,0.017216500740346412,0.0018272098963482118,0.0018114125270256862,1,1
33,3,0.4082316716916029,2.1898075763439523e-06,2.1898075763439523e-06,0.0,0.0014797998433382646,0.0014797998433382646,0,0
33,4,0.4082316716916029,2.189807576343933e-06,2.189807576343933e-06,0.0,0.001479799843338258,0.001479799843338258,0,0
33,5,0.4082316716916029,3.338696005312692e-06,3.2812153430656284e-06,0.01721650074028833,0.0018272098963481706,0.001811412527025699,1,1
33,6,0.4082316716916029,1.7347352489196983e-06,1.37145184621404e-06,0.20941720238399028,0.0013170934852620364,0.0011710900248119442,1,1
33,7,0.4082316716916029,5.868012931407962e-07,5.868012931407962e-07,0.0,0.0007660295641427923,0.0007660295641427923,0,0
34,0,0.40823167170969954,5.868012773306451e-07,5.868012773306451e-07,0.0,0.0007660295538232484,0.0007660295538232484,0,0
34,1,0.40823167170969954,1.7347352638649716e-06,1.3714518576967986e-06,0.20941720257578755,0.0013170934909356175,0.0011710900297145384,1,1
34,2,0.40823167170969954,3.338696053957434e-06,3.2812153476716144e-06,0.017216513679850005,0.0018272099096593784,0.0018114125282970785,1,1
34,3,0.40823167170969954,2.189807587742022e-06,2.189807587742022e-06,0.0,0.0014797998471894845,0.0014797998471894845,0,0
34,4,0.40823167170969954,2.189807587742181e-06,2.189807587742181e-06,0.0,0.0014797998471895383,0.0014797998471895383,0,0
34,5,0.40823167170969954,3.3386960539573534e-06,3.281215347671699e-06,0.017216513679800947,0.0018272099096593563,0.001811412528297102,1,1
34,6,0.40823167170969954,1.7347352638650754e-06,1.3714518576969053e-06,0.20941720257577331,0.001317093490935657,0.001171090029714584,1,1
34,7,0.40823167170969954,5.868012773306461e-07,5.868012773306461e-07,0.0,0.0007660295538232491,0.0007660295538232491,0,0
35,0,0.4082316717187659,5.868012694098809e-07,5.868012694098809e-07,0.0,0.0007660295486532363,0.0007660295486532363,0,0
35,1,0.4082316717187659,1.7347352713526071e-06,1.3714518634497403e-06,0.20941720267185646,0.001317093493778102,0.0011710900321707722,1,1
35,2,0.4082316717187659,3.3386960783285406e-06,3.281215349979049e-06,0.017216520162646336,0.0018272099163283186,0.0018114125289339944,1,1
35,3,0.4082316717187659,2.1898075934525766e-06,2.1898075934525766e-06,0.0,0.0014797998491189869,0.0014797998491189869,0,0
35,4,0.4082316717187659,2.1898075934525804e-06,2.1898075934525804e-06,0.0,0.0014797998491189882,0.0014797998491189882,0,0
35,5,0.4082316717187659,3.338696078328659e-06,3.2812153499791406e-06,0.017216520162653716,0.0018272099163283509,0.0018114125289340197,1,1
35,6,0.4082316717187659,1.734735271352601e-06,1.3714518634497312e-06,0.20941720267185893,0.0013170934937780997,0.0011710900321707683,1,1
35,7,0.4082316717187659,5.868012694098158e-07,5.868012694098158e-07,0.0,0.0007660295486531938,0.0007660295486531938,0,0
36,0,0.40823167172330826,5.868012654416479e-07,5.868012654416479e-07,0.0,0.0007660295460631058,0.0007660295460631058,0,0
36,1,0.40823167172330826,1.7347352751039994e-06,1.3714518663320395e-06,0.20941720271998313,0.0013170934952022196,0.0011710900334013774,1,1
36,2,0.40823167172330826,3.338696090538206e-06,3.281215351135031e-06,0.017216523410463792,0.0018272099196693864,0.0018114125292530774,1,1
36,3,0.40823167172330826,2.1898075963135604e-06,2.1898075963135604e-06,0.0,0.0014797998500856663,0.0014797998500856663,0,0
36,4,0.40823167172330826,2.1898075963135833e-06,2.1898075963135833e-06,0.0,0.001479799850085674,0.001479799850085674,0,0
36,5,0.40823167172330826,3.338696090538046e-06,3.2812153511350436e-06,0.017216523410412864,0.0018272099196693426,0.001811412529253081,1,1
36,6,0.40823167172330826,1.7347352751039757e-06,1.3714518663320069e-06,0.20941720271999112,0.0013170934952022107,0.0011710900334013636,1,1
36,7,0.40823167172330826,5.868012654415491e-07,5.868012654415491e-07,0.0,0.0007660295460630413,0.0007660295460630413,0,0
37,0,0.4082316717255842,5.868012634530456e-07,5.868012634530456e-07,0.0,0.0007660295447651126,0.0007660295447651126,0,0
37,1,0.4082316717255842,1.7347352769834353e-06,1.3714518677760538e-06,0.20941720274409936,0.0013170934959156981,0.0011710900340179034,1,1
37,2,0.4082316717255842,3.3386960966556807e-06,3.281215351714145e-06,0.01721652503775754,0.0018272099213433798,0.001811412529412929,1,1
37,3,0.4082316717255842,2.189807597746801e-06,2.189807597746801e-06,0.0,0.0014797998505699348,0.0014797998505699348,0,0
37,4,0.4082316717255842,2.1898075977467905e-06,2.1898075977467905e-06,0.0,0.001479799850569931,0.001479799850569931,0,0
37,5,0.4082316717255842,3.3386960966557027e-06,3.2812153517141923e-06,0.017216525037749814,0.001827209921343386,0.001811412529412942,1,1
37,6,0.4082316717255842,1.7347352769834755e-06,1.371451867776094e-06,0.2094172027440945,0.0013170934959157135,0.0011710900340179205,1,1
37,7,0.4082316717255842,5.868012634530741e-07,5.868012634530741e-07,0.0,0.0007660295447651311,0.0007660295447651311,0,0
38,0,0.40823167172672425,5.868012624571442e-07,5.868012624571442e-07,0.0,0.0007660295441150715,0.0007660295441150715,0,0
38,1,0.40823167172672425,1.7347352779251712e-06,1.3714518684996427e-06,0.20941720275616535,0.0013170934962732036,0.0011710900343268416,1,1
38,2,0.40823167172672425,3.3386960997214305e-06,3.281215352004464e-06,0.01721652585324025,0.0018272099221822956,0.001811412529493065,1,1
38,3,0.40823167172672425,2.1898075984651676e-06,2.1898075984651676e-06,0.0,0.001479799850812659,0.001479799850812659,0,0
38,4,0.40823167172672425,2.189807598465067e-06,2.189807598465067e-06,0.0,0.001479799850812625,0.001479799850812625,0,0
38,5,0.40823167172672425,3.338696099720929e-06,3.2812153520043243e-06,0.017216525853134507,0.0018272099221821583,0.0018114125294930263,1,1
38,6,0.40823167172672425,1.734735277925192e-06,1.371451868499658e-06,0.20941720275616602,0.0013170934962732114,0.001171090034326848,1,1
38,7,0.40823167172672425,5.868012624571436e-07,5.868012624571436e-07,0.0,0.0007660295441150711,0.0007660295441150711,0,0
39,0,0.4082316717272953,5.868012619582221e-07,5.868012619582221e-07,0.0,0.0007660295437894168,0.0007660295437894168,0,0
39,1,0.4082316717272953,1.7347352783966972e-06,1.3714518688618846e-06,0.20941720276224035,0.001317093496452206,0.0011710900344815017,1,1
39,2,0.4082316717272953,3.3386961012555545e-06,3.2812153521498556e-06,0.01721652626127986,0.0018272099226020952,0.0018114125295331971,1,1
39,3,0.4082316717272953,2.1898075988247844e-06,2.1898075988247844e-06,0.0,0.0014797998509341675,0.0014797998509341675,0,0
39,4,0.4082316717272953,2.1898075988245248e-06,2.1898075988245248e-06,0.0,0.0014797998509340799,0.0014797998509340799,0,0
39,5,0.4082316717272953,3.338696101255397e-06,3.2812153521497247e-06,0.01721652626127268,0.001827209922602052,0.001811412529533161,1,1
39,6,0.4082316717272953,1.7347352783967875e-06,1.3714518688619748e-06,0.20941720276222947,0.0013170934964522403,0.00117109003448154,1,1
39,7,0.4082316717272953,5.868012619582572e-07,5.868012619582572e-07,0.0,0.0007660295437894398,0.0007660295437894398,0,0
40,0,0.40823167172758124,5.868012617083923e-07,5.868012617083923e-07,0.0,0.0007660295436263489,0.0007660295436263489,0,0
40,1,0.40823167172758124,1.7347352786329131e-06,1.3714518690433335e-06,0.2094172027652952,0.001317093496541879,0.0011710900345589716,1,1
40,2,0.40823167172758124,3.3386961020246266e-06,3.281215352222959e-06,0.017216526465769304,0.001827209922812545,0.0018114125295533756,1,1
40,3,0.40823167172758124,2.189807599005044e-06,2.189807599005044e-06,0.0,0.0014797998509950743,0.0014797998509950743,0,0
40,4,0.40823167172758124,2.1898075990051588e-06,2.1898075990051588e-06,0.0,0.001479799850995113,0.001479799850995113,0,0
40,5,0.40823167172758124,3.338696102024646e-06,3.281215352223113e-06,0.017216526465728865,0.0018272099228125503,0.0018114125295534181,1,1
40,6,0.40823167172758124,1.734735278632878e-06,1.371451869043314e-06,0.2094172027652904,0.0013170934965418659,0.0011710900345589634,1,1
40,7,0.40823167172758124,5.868012617085033e-07,5.868012617085033e-07,0.0,0.0007660295436264213,0.0007660295436264213,0,0
41,0,0.40823167172772484,5.868012615829442e-07,5.868012615829442e-07,0.0,0.0007660295435444668,0.0007660295435444668,0,0
41,1,0.40823167172772484,1.7347352787514937e-06,1.3714518691345028e-06,0.20941720276678158,0.0013170934965868952,0.0011710900345978967,1,1
41,2,0.40823167172772484,3.338696102410512e-06,3.2812153522593486e-06,0.01721652656845967,0.001827209922918139,0.0018114125295634201,1,1
41,3,0.40823167172772484,2.1898075990955948e-06,2.1898075990955948e-06,0.0,0.0014797998510256698,0.0014797998510256698,0,0
41,4,0.40823167172772484,2.189807599095599e-06,2.189807599095599e-06,0.0,0.0014797998510256713,0.0014797998510256713,0,0
41,5,0.40823167172772484,3.338696102410485e-06,3.2812153522591584e-06,0.01721652656850865,0.0018272099229181317,0.0018114125295633676,1,1
41,6,0.40823167172772484,1.7347352787514808e-06,1.3714518691344823e-06,0.20941720276678752,0.0013170934965868904,0.001171090034597888,1,1
41,7,0.40823167172772484,5.868012615829323e-07,5.868012615829323e-07,0.0,0.000766029543544459,0.000766029543544459,0,0
42,0,0.4082316717277968,5.868012615200012e-07,5.868012615200012e-07,0.0,0.0007660295435033829,0.0007660295435033829,0,0
42,1,0.4082316717277968,1.7347352788108267e-06,1.371451869180072e-06,0.20941720276755316,0.0013170934966094195,0.0011710900346173525,1,1
42,2,0.4082316717277968,3.3386961026041606e-06,3.281215352277561e-06,0.01721652662000741,0.0018272099229711294,0.0018114125295684473,1,1
42,3,0.4082316717277968,2.1898075991409657e-06,2.1898075991409657e-06,0.0,0.001479799851041,0.001479799851041,0,0
42,4,0.4082316717277968,2.189807599140873e-06,2.189807599140873e-06,0.0,0.0014797998510409686,0.0014797998510409686,0,0
42,5,0.4082316717277968,3.3386961026040534e-06,3.281215352277615e-06,0.01721652661995976,0.0018272099229711002,0.001811412529568462,1,1
42,6,0.4082316717277968,1.7347352788108508e-06,1.371451869180105e-06,0.20941720276754514,0.0013170934966094286,0.0011710900346173665,1,1
42,7,0.4082316717277968,5.868012615200816e-07,5.868012615200816e-07,0.0,0.0007660295435034354,0.0007660295435034354,0,0
43,0,0.4082316717278323,5.868012614891085e-07,5.868012614891085e-07,0.0,0.0007660295434832187,0.0007660295434832187,0,0
43,1,0.4082316717278323,1.7347352788404498e-06,1.3714518692028052e-06,0.20941720276794873,0.001317093496620665,0.0011710900346270587,1,1
43,2,0.4082316717278323,3.3386961026998656e-06,3.281215352286515e-06,0.017216526645497388,0.0018272099229973183,0.001811412529570919,1,1
43,3,0.4082316717278323,2.189807599163269e-06,2.189807599163269e-06,0.0,0.0014797998510485359,0.0014797998510485359,0,0
43,4,0.4082316717278323,2.18980759916317e-06,2.18980759916317e-06,0.0,0.0014797998510485025,0.0014797998510485025,0,0
43,5,0.4082316717278323,3.3386961026999117e-06,3.2812153522864236e-06,0.017216526645538376,0.001827209922997331,0.0018114125295708935,1,1
43,6,0.4082316717278323,1.734735278840419e-06,1.3714518692027965e-06,0.20941720276793974,0.0013170934966206533,0.0011710900346270548,1,1
43,7,0.4082316717278323,5.868012614890926e-07,5.868012614890926e-07,0.0,0.0007660295434832083,0.0007660295434832083,0,0
44,0,0.40823167172785096,5.868012614727083e-07,5.868012614727083e-07,0.0,0.0007660295434725141,0.0007660295434725141,0,0
44,1,0.40823167172785096,1.734735278855596e-06,1.3714518692145133e-06,0.2094172027681022,0.001317093496626415,0.0011710900346320573,1,1
44,2,0.40823167172785096,3.3386961027494204e-06,3.281215352291097e-06,0.01721652665871202,0.0018272099230108784,0.0018114125295721837,1,1
44,3,0.40823167172785096,2.1898075991750943e-06,2.1898075991750943e-06,0.0,0.0014797998510525316,0.0014797998510525316,0,0
44,4,0.40823167172785096,2.189807599175084e-06,2.189807599175084e-06,0.0,0.001479799851052528,0.001479799851052528,0,0
44,5,0.40823167172785096,3.3386961027496186e-06,3.281215352291234e-06,0.017216526658729386,0.0018272099230109327,0.0018114125295722215,1,1
44,6,0.40823167172785096,1.7347352788555657e-06,1.3714518692144788e-06,0.2094172027681083,0.0013170934966264035,0.0011710900346320427,1,1
44,7,0.40823167172785096,5.868012614726872e-07,5.868012614726872e-07,0.0,0.0007660295434725003,0.0007660295434725003,0,0
45,0,0.4082316717278595,5.868012614653779e-07,5.868012614653779e-07,0.0,0.0007660295434677294,0.0007660295434677294,0,0
45,1,0.4082316717278595,1.734735278862787e-06,1.3714518692199837e-06,0.209417202768226,0.0013170934966291448,0.0011710900346343929,1,1
45,2,0.4082316717278595,3.3386961027725296e-06,3.281215352293466e-06,0.01721652666480499,0.0018272099230172022,0.0018114125295728375,1,1
45,3,0.4082316717278595,2.1898075991804798e-06,2.1898075991804798e-06,0.0,0.001479799851054351,0.001479799851054351,0,0
45,4,0.4082316717278595,2.1898075991805535e-06,2.1898075991805535e-06,0.0,0.001479799851054376,0.001479799851054376,0,0
45,5,0.4082316717278595,3.3386961027725723e-06,3.281215352293506e-06,0.017216526664805533,0.0018272099230172139,0.0018114125295728486,1,1
45,6,0.4082316717278595,1.7347352788627873e-06,1.371451869219984e-06,0.209417202768226,0.0013170934966291448,0.001171090034634393,1,1
45,7,0.4082316717278595,5.868012614653989e-07,5.868012614653989e-07,0.0,0.0007660295434677431,0.0007660295434677431,0,0
46,0,0.40823167172786395,5.868012614613931e-07,5.868012614613931e-07,0.0,0.0007660295434651285,0.0007660295434651285,0,0
46,1,0.40823167172786395,1.734735278866512e-06,1.3714518692228484e-06,0.2094172027682722,0.0013170934966305588,0.001171090034635616,1,1
46,2,0.40823167172786395,3.3386961027842356e-06,3.28121535229433e-06,0.017216526667991883,0.0018272099230204053,0.001811412529573076,1,1
46,3,0.40823167172786395,2.1898075991829506e-06,2.1898075991829506e-06,0.0,0.001479799851055186,0.001479799851055186,0,0
46,4,0.40823167172786395,2.1898075991828714e-06,2.1898075991828714e-06,0.0,0.0014797998510551592,0.0014797998510551592,0,0
46,5,0.40823167172786395,3.3386961027841695e-06,3.2812153522945623e-06,0.01721652666790292,0.0018272099230203873,0.0018114125295731402,1,1
46,6,0.40823167172786395,1.7347352788664973e-06,1.3714518692228308e-06,0.2094172027682757,0.0013170934966305534,0.0011710900346356085,1,1
46,7,0.40823167172786395,5.868012614613834e-07,5.868012614613834e-07,0.0,0.0007660295434651221,0.0007660295434651221,0,0
47,0,0.4082316717278666,5.868012614590591e-07,5.868012614590591e-07,0.0,0.000766029543463605,0.000766029543463605,0,0
47,1,0.4082316717278666,1.7347352788685477e-06,1.3714518692244298e-06,0.2094172027682884,0.0013170934966313316,0.0011710900346362913,1,1
47,2,0.4082316717278666,3.338696102791641e-06,3.281215352295469e-06,0.017216526669830708,0.0018272099230224317,0.0018114125295733904,1,1
47,3,0.4082316717278666,2.189807599184706e-06,2.189807599184706e-06,0.0,0.0014797998510557792,0.0014797998510557792,0,0
47,4,0.4082316717278666,2.1898075991846743e-06,2.1898075991846743e-06,0.0,0.0014797998510557684,0.0014797998510557684,0,0
47,5,0.4082316717278666,3.3386961027917407e-06,3.2812153522952437e-06,0.017216526669927488,0.001827209923022459,0.0018114125295733282,1,1
47,6,0.4082316717278666,1.7347352788685429e-06,1.3714518692244355e-06,0.20941720276828288,0.00131709349663133,0.0011710900346362937,1,1
47,7,0.4082316717278666,5.868012614590831e-07,5.868012614590831e-07,0.0,0.0007660295434636207,0.0007660295434636207,0,0
48,0,0.4082316717278675,5.868012614584532e-07,5.868012614584532e-07,0.0,0.0007660295434632094,0.0007660295434632094,0,0
48,1,0.4082316717278675,1.7347352788695074e-06,1.3714518692251713e-06,0.20941720276829828,0.001317093496631696,0.0011710900346366079,1,1
48,2,0.4082316717278675,3.338696102793924e-06,3.2812153522955305e-06,0.017216526670484268,0.0018272099230230564,0.0018114125295734074,1,1
48,3,0.4082316717278675,2.1898075991852846e-06,2.1898075991852846e-06,0.0,0.0014797998510559746,0.0014797998510559746,0,0
48,4,0.4082316717278675,2.18980759918525e-06,2.18980759918525e-06,0.0,0.0014797998510559629,0.0014797998510559629,0,0
48,5,0.4082316717278675,3.3386961027939925e-06,3.2812153522955753e-06,0.017216526670491016,0.0018272099230230753,0.0018114125295734197,1,1
48,6,0.4082316717278675,1.7347352788694558e-06,1.3714518692251252e-06,0.20941720276830134,0.0013170934966316764,0.0011710900346365882,1,1
48,7,0.4082316717278675,5.868012614584305e-07,5.868012614584305e-07,0.0,0.0007660295434631947,0.0007660295434631947,0,0
49,0,0.4082316717278684,5.868012614576144e-07,5.868012614576144e-07,0.0,0.000766029543462662,0.000766029543462662,0,0
49,1,0.4082316717278684,1.7347352788699773e-06,1.3714518692255468e-06,0.209417202768296,0.0013170934966318744,0.0011710900346367681,1,1
49,2,0.4082316717278684,3.3386961027962664e-06,3.281215352295669e-06,0.01721652667113232,0.0018272099230236974,0.0018114125295734455,1,1
49,3,0.4082316717278684,2.1898075991857636e-06,2.1898075991857636e-06,0.0,0.0014797998510561363,0.0014797998510561363,0,0
49,4,0.4082316717278684,2.1898075991856975e-06,2.1898075991856975e-06,0.0,0.0014797998510561142,0.0014797998510561142,0,0
49,5,0.4082316717278684,3.3386961027962304e-06,3.2812153522957918e-06,0.017216526671084937,0.0018272099230236876,0.0018114125295734796,1,1
49,6,0.4082316717278684,1.7347352788700093e-06,1.3714518692255728e-06,0.20941720276829556,0.0013170934966318865,0.0011710900346367792,1,1
49,7,0.4082316717278684,5.868012614575802e-07,5.868012614575802e-07,0.0,0.0007660295434626397,0.0007660295434626397,0,0
50,0,0.4082316717278684,5.868012614576137e-07,5.868012614576137e-07,0.0,0.0007660295434626616,0.0007660295434626616,0,0
50,1,0.4082316717278684,1.7347352788700536e-06,1.3714518692255582e-06,0.20941720276832415,0.0013170934966319034,0.0011710900346367731,1,1
50,2,0.4082316717278684,3.3386961027961355e-06,3.2812153522955804e-06,0.01721652667112031,0.0018272099230236616,0.0018114125295734212,1,1
50,3,0.4082316717278684,2.1898075991856564e-06,2.1898075991856564e-06,0.0,0.0014797998510561001,0.0014797998510561001,0,0
50,4,0.4082316717278684,2.1898075991857665e-06,2.1898075991857665e-06,0.0,0.0014797998510561374,0.0014797998510561374,0,0
50,5,0.4082316717278684,3.3386961027965506e-06,3.2812153522956325e-06,0.017216526671226882,0.0018272099230237752,0.0018114125295734355,1,1
50,6,0.4082316717278684,1.73473527887006e-06,1.3714518692255705e-06,0.20941720276831996,0.0013170934966319058,0.0011710900346367783,1,1
50,7,0.4082316717278684,5.868012614576116e-07,5.868012614576116e-07,0.0,0.0007660295434626602,0.0007660295434626602,0,0
51,0,0.4082316717278684,5.868012614576332e-07,5.868012614576332e-07,0.0,0.0007660295434626743,0.0007660295434626743,0,0
51,1,0.4082316717278684,1.7347352788700614e-06,1.3714518692255478e-06,0.2094172027683337,0.0013170934966319063,0.0011710900346367686,1,1
51,2,0.4082316717278684,3.3386961027960534e-06,3.2812153522955254e-06,0.017216526671112616,0.001827209923023639,0.001811412529573406,1,1
51,3,0.4082316717278684,2.189807599185868e-06,2.189807599185868e-06,0.0,0.0014797998510561717,0.0014797998510561717,0,0
51,4,0.4082316717278684,2.1898075991857085e-06,2.1898075991857085e-06,0.0,0.001479799851056118,0.001479799851056118,0,0
51,5,0.4082316717278684,3.3386961027961304e-06,3.281215352295416e-06,0.01721652667116803,0.0018272099230236603,0.001811412529573376,1,1
51,6,0.4082316717278684,1.7347352788700788e-06,1.371451869225566e-06,0.20941720276833112,0.001317093496631913,0.0011710900346367764,1,1
51,7,0.4082316717278684,5.868012614577221e-07,5.868012614577221e-07,0.0,0.0007660295434627323,0.0007660295434627323,0,0
52,0,0.4082316717278684,5.868012614576472e-07,5.868012614576472e-07,0.0,0.0007660295434626834,0.0007660295434626834,0,0
52,1,0.4082316717278684,1.734735278870099e-06,1.3714518692255707e-06,0.2094172027683377,0.0013170934966319206,0.0011710900346367783,1,1
52,2,0.4082316717278684,3.3386961027960843e-06,3.2812153522955817e-06,0.017216526671104845,0.0018272099230236475,0.0018114125295734214,1,1
52,3,0.4082316717278684,2.1898075991858796e-06,2.1898075991858796e-06,0.0,0.0014797998510561756,0.0014797998510561756,0,0
52,4,0.4082316717278684,2.189807599185839e-06,2.189807599185839e-06,0.0,0.001479799851056162,0.001479799851056162,0,0
52,5,0.4082316717278684,3.3386961027961745e-06,3.281215352295486e-06,0.017216526671160068,0.0018272099230236722,0.0018114125295733952,1,1
52,6,0.4082316717278684,1.7347352788701181e-06,1.3714518692255834e-06,0.20941720276833906,0.001317093496631928,0.0011710900346367837,1,1
52,7,0.4082316717278684,5.868012614577244e-07,5.868012614577244e-07,0.0,0.0007660295434627338,0.0007660295434627338,0,0
53,0,0.4082316717278684,5.868012614576522e-07,5.868012614576522e-07,0.0,0.0007660295434626866,0.0007660295434626866,0,0
53,1,0.4082316717278684,1.7347352788700989e-06,1.3714518692255747e-06,0.20941720276833528,0.0013170934966319206,0.00117109003463678,1,1
53,2,0.4082316717278684,3.338696102796089e-06,3.2812153522955864e-06,0.01721652667110482,0.0018272099230236488,0.0018114125295734227,1,1
53,3,0.4082316717278684,2.1898075991858555e-06,2.1898075991858555e-06,0.0,0.0014797998510561676,0.0014797998510561676,0,0
53,4,0.4082316717278684,2.189807599185839e-06,2.189807599185839e-06,0.0,0.001479799851056162,0.001479799851056162,0,0
53,5,0.4082316717278684,3.3386961027961745e-06,3.281215352295486e-06,0.017216526671160068,0.0018272099230236722,0.0018114125295733952,1,1
53,6,0.4082316717278684,1.7347352788701181e-06,1.3714518692255851e-06,0.20941720276833808,0.001317093496631928,0.0011710900346367844,1,1
53,7,0.4082316717278684,5.868012614577254e-07,5.868012614577254e-07,0.0,0.0007660295434627346,0.0007660295434627346,0,0
54,0,0.4082316717278684,5.868012614576522e-07,5.868012614576522e-07,0.0,0.0007660295434626866,0.0007660295434626866,0,0
54,1,0.4082316717278684,1.7347352788701088e-06,1.3714518692255648e-06,0.20941720276834555,0.0013170934966319243,0.0011710900346367757,1,1
54,2,0.4082316717278684,3.3386961027961105e-06,3.281215352295608e-06,0.01721652667110471,0.001827209923023655,0.0018114125295734288,1,1
54,3,0.4082316717278684,2.1898075991858555e-06,2.1898075991858555e-06,0.0,0.0014797998510561676,0.0014797998510561676,0,0
54,4,0.4082316717278684,2.189807599185843e-06,2.189807599185843e-06,0.0,0.0014797998510561634,0.0014797998510561634,0,0
54,5,0.4082316717278684,3.3386961027961783e-06,3.28121535229549e-06,0.017216526671160047,0.0018272099230236733,0.001811412529573396,1,1
54,6,0.4082316717278684,1.734735278870118e-06,1.3714518692255879e-06,0.2094172027683364,0.0013170934966319277,0.0011710900346367857,1,1
54,7,0.4082316717278684,5.868012614577263e-07,5.868012614577263e-07,0.0,0.0007660295434627351,0.0007660295434627351,0,0
55,0,0.4082316717278684,5.868012614576522e-07,5.868012614576522e-07,0.0,0.0007660295434626866,0.0007660295434626866,0,0
55,1,0.4082316717278684,1.7347352788701088e-06,1.3714518692255648e-06,0.20941720276834555,0.0013170934966319243,0.0011710900346367757,1,1
55,2,0.4082316717278684,3.3386961027961105e-06,3.281215352295608e-06,0.01721652667110471,0.001827209923023655,0.0018114125295734288,1,1
55,3,0.4082316717278684,2.1898075991858555e-06,2.1898075991858555e-06,0.0,0.0014797998510561676,0.0014797998510561676,0,0
55,4,0.4082316717278684,2.189807599185843e-06,2.189807599185843e-06,0.0,0.0014797998510561634,0.0014797998510561634,0,0
55,5,0.4082316717278684,3.3386961027961783e-06,3.28121535229549e-06,0.017216526671160047,0.0018272099230236733,0.001811412529573396,1,1
55,6,0.4082316717278684,1.734735278870118e-06,1.3714518692255879e-06,0.2094172027683364,0.0013170934966319277,0.0011710900346367857,1,1
55,7,0.4082316717278684,5.868012614577263e-07,5.868012614577263e-07,0.0,0.0007660295434627351,0.0007660295434627351,0,0
56,0,0.4082316717278684,5.868012614576522e-07,5.868012614576522e-07,0.0,0.0007660295434626866,0.0007660295434626866,0,0
56,1,0.4082316717278684,1.7347352788701088e-06,1.3714518692255648e-06,0.20941720276834555,0.0013170934966319243,0.0011710900346367757,1,1
56,2,0.4082316717278684,3.3386961027961105e-06,3.281215352295608e-06,0.01721652667110471,0.001827209923023655,0.0018114125295734288,1,1
56,3,0.4082316717278684,2.1898075991858555e-06,2.1898075991858555e-06,0.0,0.0014797998510561676,0.0014797998510561676,0,0
56,4,0.4082316717278684,2.189807599185843e-06,2.189807599185843e-06,0.0,0.0014797998510561634,0.0014797998510561634,0,0
56,5,0.4082316717278684,3.3386961027961783e-06,3.28121535229549e-06,0.017216526671160047,0.0018272099230236733,0.001811412529573396,1,1
56,6,0.4082316717278684,1.734735278870118e-06,1.3714518692255879e-06,0.2094172027683364,0.0013170934966319277,0.0011710900346367857,1,1
56,7,0.4082316717278684,5.868012614577263e-07,5.868012614577263e-07,0.0,0.0007660295434627351,0.0007660295434627351,0,0
57,0,0.4082316717278684,5.868012614576522e-07,5.868012614576522e-07,0.0,0.0007660295434626866,0.0007660295434626866,0,0
57,1,0.4082316717278684,1.7347352788701088e-06,1.3714518692255648e-06,0.20941720276834555,0.0013170934966319243,0.0011710900346367757,1,1
57,2,0.4082316717278684,3.3386961027961105e-06,3.281215352295608e-06,0.01721652667110471,0.001827209923023655,0.0018114125295734288,1,1
57,3,0.4082316717278684,2.1898075991858555e-06,2.1898075991858555e-06,0.0,0.0014797998510561676,0.0014797998510561676,0,0
57,4,0.4082316717278684,2.189807599185843e-06,2.189807599185843e-06,0.0,0.0014797998510561634,0.0014797998510561634,0,0
57,5,0.4082316717278684,3.3386961027961783e-06,3.28121535229549e-06,0.017216526671160047,0.0018272099230236733,0.001811412529573396,1,1
57,6,0.4082316717278684,1.734735278870118e-06,1.3714518692255879e-06,0.2094172027683364,0.0013170934966319277,0.0011710900346367857,1,1
57,7,0.4082316717278684,5.868012614577263e-07,5.868012614577263e-07,0.0,0.0007660295434627351,0.0007660295434627351,0,0
58,0,0.4082316717278684,5.868012614576522e-07,5.868012614576522e-07,0.0,0.0007660295434626866,0.0007660295434626866,0,0
58,1,0.4082316717278684,1.7347352788701088e-06,1.3714518692255648e-06,0.20941720276834555,0.0013170934966319243,0.0011710900346367757,1,1
58,2,0.4082316717278684,3.3386961027961105e-06,3.281215352295608e-06,0.01721652667110471,0.001827209923023655,0.0018114125295734288,1,1
58,3,0.4082316717278684,2.1898075991858555e-06,2.1898075991858555e-06,0.0,0.0014797998510561676,0.0014797998510561676,0,0
58,4,0.4082316717278684,2.189807599185843e-06,2.189807599185843e-06,0.0,0.0014797998510561634,0.0014797998510561634,0,0
58,5,0.4082316717278684,3.3386961027961783e-06,3.28121535229549e-06,0.017216526671160047,0.0018272099230236733,0.001811412529573396,1,1
58,6,0.4082316717278684,1.734735278870118e-06,1.3714518692255879e-06,0.2094172027683364,0.0013170934966319277,0.0011710900346367857,1,1
58,7,0.4082316717278684,5.868012614577263e-07,5.868012614577263e-07,0.0,0.0007660295434627351,0.0007660295434627351,0,0
59,0,0.4082316717278684,5.868012614576522e-07,5.868012614576522e-07,0.0,0.0007660295434626866,0.0007660295434626866,0,0
59,1,0.4082316717278684,1.7347352788701088e-06,1.3714518692255648e-06,0.20941720276834555,0.0013170934966319243,0.0011710900346367757,1,1
59,2,0.4082316717278684,3.3386961027961105e-06,3.281215352295608e-06,0.01721652667110471,0.001827209923023655,0.0018114125295734288,1,1
59,3,0.4082316717278684,2.1898075991858555e-06,2.1898075991858555e-06,0.0,0.0014797998510561676,0.0014797998510561676,0,0
59,4,0.4082316717278684,2.189807599185843e-06,2.189807599185843e-06,0.0,0.0014797998510561634,0.0014797998510561634,0,0
59,5,0.4082316717278684,3.3386961027961783e-06,3.28121535229549e-06,0.017216526671160047,0.0018272099230236733,0.001811412529573396,1,1
59,6,0.4082316717278684,1.734735278870118e-06,1.3714518692255879e-06,0.2094172027683364,0.0013170934966319277,0.0011710900346367857,1,1
59,7,0.4082316717278684,5.868012614577263e-07,5.868012614577263e-07,0.0,0.0007660295434627351,0.0007660295434627351,0,0
60,0,0.4082316717278684,5.868012614576522e-07,5.868012614576522e-07,0.0,0.0007660295434626866,0.0007660295434626866,0,0
60,1,0.4082316717278684,1.7347352788701088e-06,1.3714518692255648e-06,0.20941720276834555,0.0013170934966319243,0.0011710900346367757,1,1
60,2,0.4082316717278684,3.3386961027961105e-06,3.281215352295608e-06,0.01721652667110471,0.001827209923023655,0.0018114125295734288,1,1
60,3,0.4082316717278684,2.1898075991858555e-06,2.1898075991858555e-06,0.0,0.0014797998510561676,0.0014797998510561676,0,0
60,4,0.4082316717278684,2.189807599185843e-06,2.189807599185843e-06,0.0,0.0014797998510561634,0.0014797998510561634,0,0
60,5,0.4082316717278684,3.3386961027961783e-06,3.28121535229549e-06,0.017216526671160047,0.0018272099230236733,0.001811412529573396,1,1
60,6,0.4082316717278684,1.734735278870118e-06,1.3714518692255879e-06,0.2094172027683364,0.0013170934966319277,0.0011710900346367857,1,1
60,7,0.4082316717278684,5.868012614577263e-07,5.868012614577263e-07,0.0,0.0007660295434627351,0.0007660295434627351,0,0
61,0,0.4082316717278684,5.868012614576522e-07,5.868012614576522e-07,0.0,0.0007660295434626866,0.0007660295434626866,0,0
61,1,0.4082316717278684,1.7347352788701088e-06,1.3714518692255648e-06,0.20941720276834555,0.0013170934966319243,0.0011710900346367757,1,1
61,2,0.4082316717278684,3.3386961027961105e-06,3.281215352295608e-06,0.01721652667110471,0.001827209923023655,0.0018114125295734288,1,1
61,3,0.4082316717278684,2.1898075991858555e-06,2.1898075991858555e-06,0.0,0.0014797998510561676,0.0014797998510561676,0,0
61,4,0.4082316717278684,2.189807599185843e-06,2.189807599185843e-06,0.0,0.0014797998510561634,0.0014797998510561634,0,0
61,5,0.4082316717278684,3.3386961027961783e-06,3.28121535229549e-06,0.017216526671160047,0.0018272099230236733,0.001811412529573396,1,1
61,6,0.4082316717278684,1.734735278870118e-06,1.3714518692255879e-06,0.2094172027683364,0.0013170934966319277,0.0011710900346367857,1,1
61,7,0.4082316717278684,5.868012614577263e-07,5.868012614577263e-07,0.0,0.0007660295434627351,0.0007660295434627351,0,0
62,0,0.4082316717278684,5.868012614576522e-07,5.868012614576522e-07,0.0,0.0007660295434626866,0.0007660295434626866,0,0
62,1,0.4082316717278684,1.7347352788701088e-06,1.3714518692255648e-06,0.20941720276834555,0.0013170934966319243,0.0011710900346367757,1,1
62,2,0.4082316717278684,3.3386961027961105e-06,3.281215352295608e-06,0.01721652667110471,0.001827209923023655,0.0018114125295734288,1,1
62,3,0.4082316717278684,2.1898075991858555e-06,2.1898075991858555e-06,0.0,0.0014797998510561676,0.0014797998510561676,0,0
62,4,0.4082316717278684,2.189807599185843e-06,2.189807599185843e-06,0.0,0.0014797998510561634,0.0014797998510561634,0,0
62,5,0.4082316717278684,3.3386961027961783e-06,3.28121535229549e-06,0.017216526671160047,0.0018272099230236733,0.001811412529573396,1,1
62,6,0.4082316717278684,1.734735278870118e-06,1.3714518692255879e-06,0.2094172027683364,0.0013170934966319277,0.0011710900346367857,1,1
62,7,0.4082316717278684,5.868012614577263e-07,5.868012614577263e-07,0.0,0.0007660295434627351,0.0007660295434627351,0,0
63,0,0.4082316717278684,5.868012614576522e-07,5.868012614576522e-07,0.0,0.0007660295434626866,0.0007660295434626866,0,0
63,1,0.4082316717278684,1.7347352788701088e-06,1.3714518692255648e-06,0.20941720276834555,0.0013170934966319243,0.0011710900346367757,1,1
63,2,0.4082316717278684,3.3386961027961105e-06,3.281215352295608e-06,0.01721652667110471,0.001827209923023655,0.0018114125295734288,1,1
63,3,0.4082316717278684,2.1898075991858555e-06,2.1898075991858555e-06,0.0,0.0014797998510561676,0.0014797998510561676,0,0
63,4,0.4082316717278684,2.189807599185843e-06,2.189807599185843e-06,0.0,0.0014797998510561634,0.0014797998510561634,0,0
63,5,0.4082316717278684,3.3386961027961783e-06,3.28121535229549e-06,0.017216526671160047,0.0018272099230236733,0.001811412529573396,1,1
63,6,0.4082316717278684,1.734735278870118e-06,1.3714518692255879e-06,0.2094172027683364,0.0013170934966319277,0.0011710900346367857,1,1
63,7,0.4082316717278684,5.868012614577263e-07,5.868012614577263e-07,0.0,0.0007660295434627351,0.0007660295434627351,0,0
64,0,0.4082316717278684,5.868012614576522e-07,5.868012614576522e-07,0.0,0.0007660295434626866,0.0007660295434626866,0,0
64,1,0.4082316717278684,1.7347352788701088e-06,1.3714518692255648e-06,0.20941720276834555,0.0013170934966319243,0.0011710900346367757,1,1
64,2,0.4082316717278684,3.3386961027961105e-06,3.281215352295608e-06,0.01721652667110471,0.001827209923023655,0.0018114125295734288,1,1
64,3,0.4082316717278684,2.1898075991858555e-06,2.1898075991858555e-06,0.0,0.0014797998510561676,0.0014797998510561676,0,0
64,4,0.4082316717278684,2.189807599185843e-06,2.189807599185843e-06,0.0,0.0014797998510561634,0.0014797998510561634,0,0
64,5,0.4082316717278684,3.3386961027961783e-06,3.28121535229549e-06,0.017216526671160047,0.0018272099230236733,0.001811412529573396,1,1
64,6,0.4082316717278684,1.734735278870118e-06,1.3714518692255879e-06,0.2094172027683364,0.0013170934966319277,0.0011710900346367857,1,1
64,7,0.4082316717278684,5.868012614577263e-07,5.868012614577263e-07,0.0,0.0007660295434627351,0.0007660295434627351,0,0
65,0,0.4082316717278684,5.868012614576522e-07,5.868012614576522e-07,0.0,0.0007660295434626866,0.0007660295434626866,0,0
65,1,0.4082316717278684,1.7347352788701088e-06,1.3714518692255648e-06,0.20941720276834555,0.0013170934966319243,0.0011710900346367757,1,1
65,2,0.4082316717278684,3.3386961027961105e-06,3.281215352295608e-06,0.01721652667110471,0.001827209923023655,0.0018114125295734288,1,1
65,3,0.4082316717278684,2.1898075991858555e-06,2.1898075991858555e-06,0.0,0.0014797998510561676,0.0014797998510561676,0,0
65,4,0.4082316717278684,2.189807599185843e-06,2.189807599185843e-06,0.0,0.0014797998510561634,0.0014797998510561634,0,0
65,5,0.4082316717278684,3.3386961027961783e-06,3.28121535229549e-06,0.017216526671160047,0.0018272099230236733,0.001811412529573396,1,1
65,6,0.4082316717278684,1.734735278870118e-06,1.3714518692255879e-06,0.2094172027683364,0.0013170934966319277,0.0011710900346367857,1,1
65,7,0.4082316717278684,5.868012614577263e-07,5.868012614577263e-07,0.0,0.0007660295434627351,0.0007660295434627351,0,0
66,0,0.4082316717278684,5.868012614576522e-07,5.868012614576522e-07,0.0,0.0007660295434626866,0.0007660295434626866,0,0
66,1,0.4082316717278684,1.7347352788701088e-06,1.3714518692255648e-06,0.20941720276834555,0.0013170934966319243,0.0011710900346367757,1,1
66,2,0.4082316717278684,3.3386961027961105e-06,3.281215352295608e-06,0.01721652667110471,0.001827209923023655,0.0018114125295734288,1,1
66,3,0.4082316717278684,2.1898075991858555e-06,2.1898075991858555e-06,0.0,0.0014797998510561676,0.0014797998510561676,0,0
66,4,0.4082316717278684,2.189807599185843e-06,2.189807599185843e-06,0.0,0.0014797998510561634,0.0014797998510561634,0,0
66,5,0.4082316717278684,3.3386961027961783e-06,3.28121535229549e-06,0.017216526671160047,0.0018272099230236733,0.001811412529573396,1,1
66,6,0.4082316717278684,1.734735278870118e-06,1.3714518692255879e-06,0.2094172027683364,0.0013170934966319277,0.0011710900346367857,1,1
66,7,0.4082316717278684,5.868012614577263e-07,5.868012614577263e-07,0.0,0.0007660295434627351,0.0007660295434627351,0,0
67,0,0.4082316717278684,5.868012614576522e-07,5.868012614576522e-07,0.0,0.0007660295434626866,0.0007660295434626866,0,0
67,1,0.4082316717278684,1.7347352788701088e-06,1.3714518692255648e-06,0.20941720276834555,0.0013170934966319243,0.0011710900346367757,1,1
67,2,0.4082316717278684,3.3386961027961105e-06,3.281215352295608e-06,0.01721652667110471,0.001827209923023655,0.0018114125295734288,1,1
67,3,0.4082316717278684,2.1898075991858555e-06,2.1898075991858555e-06,0.0,0.0014797998510561676,0.0014797998510561676,0,0
67,4,0.4082316717278684,2.189807599185843e-06,2.189807599185843e-06,0.0,0.0014797998510561634,0.0014797998510561634,0,0
67,5,0.4082316717278684,3.3386961027961783e-06,3.28121535229549e-06,0.017216526671160047,0.0018272099230236733,0.001811412529573396,1,1
67,6,0.4082316717278684,1.734735278870118e-06,1.3714518692255879e-06,0.2094172027683364,0.0013170934966319277,0.0011710900346367857,1,1
67,7,0.4082316717278684,5.868012614577263e-07,5.868012614577263e-07,0.0,0.0007660295434627351,0.0007660295434627351,0,0
68,0,0.4082316717278684,5.868012614576522e-07,5.868012614576522e-07,0.0,0.0007660295434626866,0.0007660295434626866,0,0
68,1,0.4082316717278684,1.7347352788701088e-06,1.3714518692255648e-06,0.20941720276834555,0.0013170934966319243,0.0011710900346367757,1,1
68,2,0.4082316717278684,3.3386961027961105e-06,3.281215352295608e-06,0.01721652667110471,0.001827209923023655,0.0018114125295734288,1,1
68,3,0.4082316717278684,2.1898075991858555e-06,2.1898075991858555e-06,0.0,0.0014797998510561676,0.0014797998510561676,0,0
68,4,0.4082316717278684,2.189807599185843e-06,2.189807599185843e-06,0.0,0.0014797998510561634,0.0014797998510561634,0,0
68,5,0.4082316717278684,3.3386961027961783e-06,3.28121535229549e-06,0.017216526671160047,0.0018272099230236733,0.001811412529573396,1,1
68,6,0.4082316717278684,1.734735278870118e-06,1.3714518692255879e-06,0.2094172027683364,0.0013170934966319277,0.0011710900346367857,1,1
68,7,0.4082316717278684,5.868012614577263e-07,5.868012614577263e-07,0.0,0.0007660295434627351,0.0007660295434627351,0,0
69,0,0.4082316717278684,5.868012614576522e-07,5.868012614576522e-07,0.0,0.0007660295434626866,0.0007660295434626866,0,0
69,1,0.4082316717278684,1.7347352788701088e-06,1.3714518692255648e-06,0.20941720276834555,0.0013170934966319243,0.0011710900346367757,1,1
69,2,0.4082316717278684,3.3386961027961105e-06,3.281215352295608e-06,0.01721652667110471,0.001827209923023655,0.0018114125295734288,1,1
69,3,0.4082316717278684,2.1898075991858555e-06,2.1898075991858555e-06,0.0,0.0014797998510561676,0.0014797998510561676,0,0
69,4,0.4082316717278684,2.189807599185843e-06,2.189807599185843e-06,0.0,0.0014797998510561634,0.0014797998510561634,0,0
69,5,0.4082316717278684,3.3386961027961783e-06,3.28121535229549e-06,0.017216526671160047,0.0018272099230236733,0.001811412529573396,1,1
69,6,0.4082316717278684,1.734735278870118e-06,1.3714518692255879e-06,0.2094172027683364,0.0013170934966319277,0.0011710900346367857,1,1
69,7,0.4082316717278684,5.868012614577263e-07,5.868012614577263e-07,0.0,0.0007660295434627351,0.0007660295434627351,0,0
70,0,0.4082316717278684,5.868012614576522e-07,5.868012614576522e-07,0.0,0.0007660295434626866,0.0007660295434626866,0,0
70,1,0.4082316717278684,1.7347352788701088e-06,1.3714518692255648e-06,0.20941720276834555,0.0013170934966319243,0.0011710900346367757,1,1
70,2,0.4082316717278684,3.3386961027961105e-06,3.281215352295608e-06,0.01721652667110471,0.001827209923023655,0.0018114125295734288,1,1
70,3,0.4082316717278684,2.1898075991858555e-06,2.1898075991858555e-06,0.0,0.0014797998510561676,0.0014797998510561676,0,0
70,4,0.4082316717278684,2.189807599185843e-06,2.189807599185843e-06,0.0,0.0014797998510561634,0.0014797998510561634,0,0
70,5,0.4082316717278684,3.3386961027961783e-06,3.28121535229549e-06,0.017216526671160047,0.0018272099230236733,0.001811412529573396,1,1
70,6,0.4082316717278684,1.734735278870118e-06,1.3714518692255879e-06,0.2094172027683364,0.0013170934966319277,0.0011710900346367857,1,1
70,7,0.4082316717278684,5.868012614577263e-07,5.868012614577263e-07,0.0,0.0007660295434627351,0.0007660295434627351,0,0
71,0,0.4082316717278684,5.868012614576522e-07,5.868012614576522e-07,0.0,0.0007660295434626866,0.0007660295434626866,0,0
71,1,0.4082316717278684,1.7347352788701088e-06,1.3714518692255648e-06,0.20941720276834555,0.0013170934966319243,0.0011710900346367757,1,1
71,2,0.4082316717278684,3.3386961027961105e-06,3.281215352295608e-06,0.01721652667110471,0.001827209923023655,0.0018114125295734288,1,1
71,3,0.4082316717278684,2.1898075991858555e-06,2.1898075991858555e-06,0.0,0.0014797998510561676,0.0014797998510561676,0,0
71,4,0.4082316717278684,2.189807599185843e-06,2.189807599185843e-06,0.0,0.0014797998510561634,0.0014797998510561634,0,0
71,5,0.4082316717278684,3.3386961027961783e-06,3.28121535229549e-06,0.017216526671160047,0.0018272099230236733,0.001811412529573396,1,1
71,6,0.4082316717278684,1.734735278870118e-06,1.3714518692255879e-06,0.2094172027683364,0.0013170934966319277,0.0011710900346367857,1,1
71,7,0.4082316717278684,5.868012614577263e-07,5.868012614577263e-07,0.0,0.0007660295434627351,0.0007660295434627351,0,0
72,0,0.4082316717278684,5.868012614576522e-07,5.868012614576522e-07,0.0,0.0007660295434626866,0.0007660295434626866,0,0
72,1,0.4082316717278684,1.7347352788701088e-06,1.3714518692255648e-06,0.20941720276834555,0.0013170934966319243,0.0011710900346367757,1,1
72,2,0.4082316717278684,3.3386961027961105e-06,3.281215352295608e-06,0.01721652667110471,0.001827209923023655,0.0018114125295734288,1,1
72,3,0.4082316717278684,2.1898075991858555e-06,2.1898075991858555e-06,0.0,0.0014797998510561676,0.0014797998510561676,0,0
72,4,0.4082316717278684,2.189807599185843e-06,2.189807599185843e-06,0.0,0.0014797998510561634,0.0014797998510561634,0,0
72,5,0.4082316717278684,3.3386961027961783e-06,3.28121535229549e-06,0.017216526671160047,0.0018272099230236733,0.001811412529573396,1,1
72,6,0.4082316717278684,1.734735278870118e-06,1.3714518692255879e-06,0.2094172027683364,0.0013170934966319277,0.0011710900346367857,1,1
72,7,0.4082316717278684,5.868012614577263e-07,5.868012614577263e-07,0.0,0.0007660295434627351,0.0007660295434627351,0,0
73,0,0.4082316717278684,5.868012614576522e-07,5.868012614576522e-07,0.0,0.0007660295434626866,0.0007660295434626866,0,0
73,1,0.4082316717278684,1.7347352788701088e-06,1.3714518692255648e-06,0.20941720276834555,0.0013170934966319243,0.0011710900346367757,1,1
73,2,0.4082316717278684,3.3386961027961105e-06,3.281215352295608e-06,0.01721652667110471,0.001827209923023655,0.0018114125295734288,1,1
73,3,0.4082316717278684,2.1898075991858555e-06,2.1898075991858555e-06,0.0,0.0014797998510561676,0.0014797998510561676,0,0
73,4,0.4082316717278684,2.189807599185843e-06,2.189807599185843e-06,0.0,0.0014797998510561634,0.0014797998510561634,0,0
73,5,0.4082316717278684,3.3386961027961783e-06,3.28121535229549e-06,0.017216526671160047,0.0018272099230236733,0.001811412529573396,1,1
73,6,0.4082316717278684,1.734735278870118e-06,1.3714518692255879e-06,0.2094172027683364,0.0013170934966319277,0.0011710900346367857,1,1
73,7,0.4082316717278684,5.868012614577263e-07,5.868012614577263e-07,0.0,0.0007660295434627351,0.0007660295434627351,0,0
74,0,0.4082316717278684,5.868012614576522e-07,5.868012614576522e-07,0.0,0.0007660295434626866,0.0007660295434626866,0,0
74,1,0.4082316717278684,1.7347352788701088e-06,1.3714518692255648e-06,0.20941720276834555,0.0013170934966319243,0.0011710900346367757,1,1
74,2,0.4082316717278684,3.3386961027961105e-06,3.281215352295608e-06,0.01721652667110471,0.001827209923023655,0.0018114125295734288,1,1
74,3,0.4082316717278684,2.1898075991858555e-06,2.1898075991858555e-06,0.0,0.0014797998510561676,0.0014797998510561676,0,0
74,4,0.4082316717278684,2.189807599185843e-06,2.189807599185843e-06,0.0,0.0014797998510561634,0.0014797998510561634,0,0
74,5,0.4082316717278684,3.3386961027961783e-06,3.28121535229549e-06,0.017216526671160047,0.0018272099230236733,0.001811412529573396,1,1
74,6,0.4082316717278684,1.734735278870118e-06,1.3714518692255879e-06,0.2094172027683364,0.0013170934966319277,0.0011710900346367857,1,1
74,7,0.4082316717278684,5.868012614577263e-07,5.868012614577263e-07,0.0,0.0007660295434627351,0.0007660295434627351,0,0
75,0,0.4082316717278684,5.868012614576522e-07,5.868012614576522e-07,0.0,0.0007660295434626866,0.0007660295434626866,0,0
75,1,0.4082316717278684,1.7347352788701088e-06,1.3714518692255648e-06,0.20941720276834555,0.0013170934966319243,0.0011710900346367757,1,1
75,2,0.4082316717278684,3.3386961027961105e-06,3.281215352295608e-06,0.01721652667110471,0.001827209923023655,0.0018114125295734288,1,1
75,3,0.4082316717278684,2.1898075991858555e-06,2.1898075991858555e-06,0.0,0.0014797998510561676,0.0014797998510561676,0,0
75,4,0.4082316717278684,2.189807599185843e-06,2.189807599185843e-06,0.0,0.0014797998510561634,0.0014797998510561634,0,0
75,5,0.4082316717278684,3.3386961027961783e-06,3.28121535229549e-06,0.017216526671160047,0.0018272099230236733,0.001811412529573396,1,1
75,6,0.4082316717278684,1.734735278870118e-06,1.3714518692255879e-06,0.2094172027683364,0.0013170934966319277,0.0011710900346367857,1,1
75,7,0.4082316717278684,5.868012614577263e-07,5.868012614577263e-07,0.0,0.0007660295434627351,0.0007660295434627351,0,0
76,0,0.4082316717278684,5.868012614576522e-07,5.868012614576522e-07,0.0,0.0007660295434626866,0.0007660295434626866,0,0
76,1,0.4082316717278684,1.7347352788701088e-06,1.3714518692255648e-06,0.20941720276834555,0.0013170934966319243,0.0011710900346367757,1,1
76,2,0.4082316717278684,3.3386961027961105e-06,3.281215352295608e-06,0.01721652667110471,0.001827209923023655,0.0018114125295734288,1,1
76,3,0.4082316717278684,2.1898075991858555e-06,2.1898075991858555e-06,0.0,0.0014797998510561676,0.0014797998510561676,0,0
76,4,0.4082316717278684,2.189807599185843e-06,2.189807599185843e-06,0.0,0.0014797998510561634,0.0014797998510561634,0,0
76,5,0.4082316717278684,3.3386961027961783e-06,3.28121535229549e-06,0.017216526671160047,0.0018272099230236733,0.001811412529573396,1,1
76,6,0.4082316717278684,1.734735278870118e-06,1.3714518692255879e-06,0.2094172027683364,0.0013170934966319277,0.0011710900346367857,1,1
76,7,0.4082316717278684,5.868012614577263e-07,5.868012614577263e-07,0.0,0.0007660295434627351,0.0007660295434627351,0,0
77,0,0.4082316717278684,5.868012614576522e-07,5.868012614576522e-07,0.0,0.0007660295434626866,0.0007660295434626866,0,0
77,1,0.4082316717278684,1.7347352788701088e-06,1.3714518692255648e-06,0.20941720276834555,0.0013170934966319243,0.0011710900346367757,1,1
77,2,0.4082316717278684,3.3386961027961105e-06,3.281215352295608e-06,0.01721652667110471,0.001827209923023655,0.0018114125295734288,1,1
77,3,0.4082316717278684,2.1898075991858555e-06,2.1898075991858555e-06,0.0,0.0014797998510561676,0.0014797998510561676,0,0
77,4,0.4082316717278684,2.189807599185843e-06,2.189807599185843e-06,0.0,0.0014797998510561634,0.0014797998510561634,0,0
77,5,0.4082316717278684,3.3386961027961783e-06,3.28121535229549e-06,0.017216526671160047,0.0018272099230236733,0.001811412529573396,1,1
77,6,0.4082316717278684,1.734735278870118e-06,1.3714518692255879e-06,0.2094172027683364,0.0013170934966319277,0.0011710900346367857,1,1
77,7,0.4082316717278684,5.868012614577263e-07,5.868012614577263e-07,0.0,0.0007660295434627351,0.0007660295434627351,0,0
78,0,0.4082316717278684,5.868012614576522e-07,5.868012614576522e-07,0.0,0.0007660295434626866,0.0007660295434626866,0,0
78,1,0.4082316717278684,1.7347352788701088e-06,1.3714518692255648e-06,0.20941720276834555,0.0013170934966319243,0.0011710900346367757,1,1
78,2,0.4082316717278684,3.3386961027961105e-06,3.281215352295608e-06,0.01721652667110471,0.001827209923023655,0.0018114125295734288,1,1
78,3,0.4082316717278684,2.1898075991858555e-06,2.1898075991858555e-06,0.0,0.0014797998510561676,0.0014797998510561676,0,0
78,4,0.4082316717278684,2.189807599185843e-06,2.189807599185843e-06,0.0,0.0014797998510561634,0.0014797998510561634,0,0
78,5,0.4082316717278684,3.3386961027961783e-06,3.28121535229549e-06,0.017216526671160047,0.0018272099230236733,0.001811412529573396,1,1
78,6,0.4082316717278684,1.734735278870118e-06,1.3714518692255879e-06,0.2094172027683364,0.0013170934966319277,0.0011710900346367857,1,1
78,7,0.4082316717278684,5.868012614577263e-07,5.868012614577263e-07,0.0,0.0007660295434627351,0.0007660295434627351,0,0
79,0,0.4082316717278684,5.868012614576522e-07,5.868012614576522e-07,0.0,0.0007660295434626866,0.0007660295434626866,0,0
79,1,0.4082316717278684,1.7347352788701088e-06,1.3714518692255648e-06,0.20941720276834555,0.0013170934966319243,0.0011710900346367757,1,1
79,2,0.4082316717278684,3.3386961027961105e-06,3.281215352295608e-06,0.01721652667110471,0.001827209923023655,0.0018114125295734288,1,1
79,3,0.4082316717278684,2.1898075991858555e-06,2.1898075991858555e-06,0.0,0.0014797998510561676,0.0014797998510561676,0,0
79,4,0.4082316717278684,2.189807599185843e-06,2.189807599185843e-06,0.0,0.0014797998510561634,0.0014797998510561634,0,0
79,5,0.4082316717278684,3.3386961027961783e-06,3.28121535229549e-06,0.017216526671160047,0.0018272099230236733,0.001811412529573396,1,1
79,6,0.4082316717278684,1.734735278870118e-06,1.3714518692255879e-06,0.2094172027683364,0.0013170934966319277,0.0011710900346367857,1,1
79,7,0.4082316717278684,5.868012614577263e-07,5.868012614577263e-07,0.0,0.0007660295434627351,0.0007660295434627351,0,0
80,0,0.4082316717278684,5.868012614576522e-07,5.868012614576522e-07,0.0,0.0007660295434626866,0.0007660295434626866,0,0
80,1,0.4082316717278684,1.7347352788701088e-06,1.3714518692255648e-06,0.20941720276834555,0.0013170934966319243,0.0011710900346367757,1,1
80,2,0.4082316717278684,3.3386961027961105e-06,3.281215352295608e-06,0.01721652667110471,0.001827209923023655,0.0018114125295734288,1,1
80,3,0.4082316717278684,2.1898075991858555e-06,2.1898075991858555e-06,0.0,0.0014797998510561676,0.0014797998510561676,0,0
80,4,0.4082316717278684,2.189807599185843e-06,2.189807599185843e-06,0.0,0.0014797998510561634,0.0014797998510561634,0,0
80,5,0.4082316717278684,3.3386961027961783e-06,3.28121535229549e-06,0.017216526671160047,0.0018272099230236733,0.001811412529573396,1,1
80,6,0.4082316717278684,1.734735278870118e-06,1.3714518692255879e-06,0.2094172027683364,0.0013170934966319277,0.0011710900346367857,1,1
80,7,0.4082316717278684,5.868012614577263e-07,5.868012614577263e-07,0.0,0.0007660295434627351,0.0007660295434627351,0,0
81,0,0.4082316717278684,5.868012614576522e-07,5.868012614576522e-07,0.0,0.0007660295434626866,0.0007660295434626866,0,0
81,1,0.4082316717278684,1.7347352788701088e-06,1.3714518692255648e-06,0.20941720276834555,0.0013170934966319243,0.0011710900346367757,1,1
81,2,0.4082316717278684,3.3386961027961105e-06,3.281215352295608e-06,0.01721652667110471,0.001827209923023655,0.0018114125295734288,1,1
81,3,0.4082316717278684,2.1898075991858555e-06,2.1898075991858555e-06,0.0,0.0014797998510561676,0.0014797998510561676,0,0
81,4,0.4082316717278684,2.189807599185843e-06,2.189807599185843e-06,0.0,0.0014797998510561634,0.0014797998510561634,0,0
81,5,0.4082316717278684,3.3386961027961783e-06,3.28121535229549e-06,0.017216526671160047,0.0018272099230236733,0.001811412529573396,1,1
81,6,0.4082316717278684,1.734735278870118e-06,1.3714518692255879e-06,0.2094172027683364,0.0013170934966319277,0.0011710900346367857,1,1
81,7,0.4082316717278684,5.868012614577263e-07,5.868012614577263e-07,0.0,0.0007660295434627351,0.0007660295434627351,0,0
82,0,0.4082316717278684,5.868012614576522e-07,5.868012614576522e-07,0.0,0.0007660295434626866,0.0007660295434626866,0,0
82,1,0.4082316717278684,1.7347352788701088e-06,1.3714518692255648e-06,0.20941720276834555,0.0013170934966319243,0.0011710900346367757,1,1
82,2,0.4082316717278684,3.3386961027961105e-06,3.281215352295608e-06,0.01721652667110471,0.001827209923023655,0.0018114125295734288,1,1
82,3,0.4082316717278684,2.1898075991858555e-06,2.1898075991858555e-06,0.0,0.0014797998510561676,0.0014797998510561676,0,0
82,4,0.4082316717278684,2.189807599185843e-06,2.189807599185843e-06,0.0,0.0014797998510561634,0.0014797998510561634,0,0
82,5,0.4082316717278684,3.3386961027961783e-06,3.28121535229549e-06,0.017216526671160047,0.0018272099230236733,0.001811412529573396,1,1
82,6,0.4082316717278684,1.734735278870118e-06,1.3714518692255879e-06,0.2094172027683364,0.0013170934966319277,0.0011710900346367857,1,1
82,7,0.4082316717278684,5.868012614577263e-07,5.868012614577263e-07,0.0,0.0007660295434627351,0.0007660295434627351,0,0
83,0,0.4082316717278684,5.868012614576522e-07,5.868012614576522e-07,0.0,0.0007660295434626866,0.0007660295434626866,0,0
83,1,0.4082316717278684,1.7347352788701088e-06,1.3714518692255648e-06,0.20941720276834555,0.0013170934966319243,0.0011710900346367757,1,1
83,2,0.4082316717278684,3.3386961027961105e-06,3.281215352295608e-06,0.01721652667110471,0.001827209923023655,0.0018114125295734288,1,1
83,3,0.4082316717278684,2.1898075991858555e-06,2.1898075991858555e-06,0.0,0.0014797998510561676,0.0014797998510561676,0,0
83,4,0.4082316717278684,2.189807599185843e-06,2.189807599185843e-06,0.0,0.0014797998510561634,0.0014797998510561634,0,0
83,5,0.4082316717278684,3.3386961027961783e-06,3.28121535229549e-06,0.017216526671160047,0.0018272099230236733,0.001811412529573396,1,1
83,6,0.4082316717278684,1.734735278870118e-06,1.3714518692255879e-06,0.2094172027683364,0.0013170934966319277,0.0011710900346367857,1,1
83,7,0.4082316717278684,5.868012614577263e-07,5.868012614577263e-07,0.0,0.0007660295434627351,0.0007660295434627351,0,0
84,0,0.4082316717278684,5.868012614576522e-07,5.868012614576522e-07,0.0,0.0007660295434626866,0.0007660295434626866,0,0
84,1,0.4082316717278684,1.7347352788701088e-06,1.3714518692255648e-06,0.20941720276834555,0.0013170934966319243,0.0011710900346367757,1,1
84,2,0.4082316717278684,3.3386961027961105e-06,3.281215352295608e-06,0.01721652667110471,0.001827209923023655,0.0018114125295734288,1,1
84,3,0.4082316717278684,2.1898075991858555e-06,2.1898075991858555e-06,0.0,0.0014797998510561676,0.0014797998510561676,0,0
84,4,0.4082316717278684,2.189807599185843e-06,2.189807599185843e-06,0.0,0.0014797998510561634,0.0014797998510561634,0,0
84,5,0.4082316717278684,3.3386961027961783e-06,3.28121535229549e-06,0.017216526671160047,0.0018272099230236733,0.001811412529573396,1,1
84,6,0.4082316717278684,1.734735278870118e-06,1.3714518692255879e-06,0.2094172027683364,0.0013170934966319277,0.0011710900346367857,1,1
84,7,0.4082316717278684,5.868012614577263e-07,5.868012614577263e-07,0.0,0.0007660295434627351,0.0007660295434627351,0,0
85,0,0.4082316717278684,5.868012614576522e-07,5.868012614576522e-07,0.0,0.0007660295434626866,0.0007660295434626866,0,0
85,1,0.4082316717278684,1.7347352788701088e-06,1.3714518692255648e-06,0.20941720276834555,0.0013170934966319243,0.0011710900346367757,1,1
85,2,0.4082316717278684,3.3386961027961105e-06,3.281215352295608e-06,0.01721652667110471,0.001827209923023655,0.0018114125295734288,1,1
85,3,0.4082316717278684,2.1898075991858555e-06,2.1898075991858555e-06,0.0,0.0014797998510561676,0.0014797998510561676,0,0
85,4,0.4082316717278684,2.189807599185843e-06,2.189807599185843e-06,0.0,0.0014797998510561634,0.0014797998510561634,0,0
85,5,0.4082316717278684,3.3386961027961783e-06,3.28121535229549e-06,0.017216526671160047,0.0018272099230236733,0.001811412529573396,1,1
85,6,0.4082316717278684,1.734735278870118e-06,1.3714518692255879e-06,0.2094172027683364,0.0013170934966319277,0.0011710900346367857,1,1
85,7,0.4082316717278684,5.868012614577263e-07,5.868012614577263e-07,0.0,0.0007660295434627351,0.0007660295434627351,0,0
86,0,0.4082316717278684,5.868012614576522e-07,5.868012614576522e-07,0.0,0.0007660295434626866,0.0007660295434626866,0,0
86,1,0.4082316717278684,1.7347352788701088e-06,1.3714518692255648e-06,0.20941720276834555,0.0013170934966319243,0.0011710900346367757,1,1
86,2,0.4082316717278684,3.3386961027961105e-06,3.281215352295608e-06,0.01721652667110471,0.001827209923023655,0.0018114125295734288,1,1
86,3,0.4082316717278684,2.1898075991858555e-06,2.1898075991858555e-06,0.0,0.0014797998510561676,0.0014797998510561676,0,0
86,4,0.4082316717278684,2.189807599185843e-06,2.189807599185843e-06,0.0,0.0014797998510561634,0.0014797998510561634,0,0
86,5,0.4082316717278684,3.3386961027961783e-06,3.28121535229549e-06,0.017216526671160047,0.0018272099230236733,0.001811412529573396,1,1
86,6,0.4082316717278684,1.734735278870118e-06,1.3714518692255879e-06,0.2094172027683364,0.0013170934966319277,0.0011710900346367857,1,1
86,7,0.4082316717278684,5.868012614577263e-07,5.868012614577263e-07,0.0,0.0007660295434627351,0.0007660295434627351,0,0
87,0,0.4082316717278684,5.868012614576522e-07,5.868012614576522e-07,0.0,0.0007660295434626866,0.0007660295434626866,0,0
87,1,0.4082316717278684,1.7347352788701088e-06,1.3714518692255648e-06,0.20941720276834555,0.0013170934966319243,0.0011710900346367757,1,1
87,2,0.4082316717278684,3.3386961027961105e-06,3.281215352295608e-06,0.01721652667110471,0.001827209923023655,0.0018114125295734288,1,1
87,3,0.4082316717278684,2.1898075991858555e-06,2.1898075991858555e-06,0.0,0.0014797998510561676,0.0014797998510561676,0,0
87,4,0.4082316717278684,2.189807599185843e-06,2.189807599185843e-06,0.0,0.0014797998510561634,0.0014797998510561634,0,0
87,5,0.4082316717278684,3.3386961027961783e-06,3.28121535229549e-06,0.017216526671160047,0.0018272099230236733,0.001811412529573396,1,1
87,6,0.4082316717278684,1.734735278870118e-06,1.3714518692255879e-06,0.2094172027683364,0.0013170934966319277,0.0011710900346367857,1,1
87,7,0.4082316717278684,5.868012614577263e-07,5.868012614577263e-07,0.0,0.0007660295434627351,0.0007660295434627351,0,0
88,0,0.4082316717278684,5.868012614576522e-07,5.868012614576522e-07,0.0,0.0007660295434626866,0.0007660295434626866,0,0
88,1,0.4082316717278684,1.7347352788701088e-06,1.3714518692255648e-06,0.20941720276834555,0.0013170934966319243,0.0011710900346367757,1,1
88,2,0.4082316717278684,3.3386961027961105e-06,3.281215352295608e-06,0.01721652667110471,0.001827209923023655,0.0018114125295734288,1,1
88,3,0.4082316717278684,2.1898075991858555e-06,2.1898075991858555e-06,0.0,0.0014797998510561676,0.0014797998510561676,0,0
88,4,0.4082316717278684,2.189807599185843e-06,2.189807599185843e-06,0.0,0.0014797998510561634,0.0014797998510561634,0,0
88,5,0.4082316717278684,3.3386961027961783e-06,3.28121535229549e-06,0.017216526671160047,0.0018272099230236733,0.001811412529573396,1,1
88,6,0.4082316717278684,1.734735278870118e-06,1.3714518692255879e-06,0.2094172027683364,0.0013170934966319277,0.0011710900346367857,1,1
88,7,0.4082316717278684,5.868012614577263e-07,5.868012614577263e-07,0.0,0.0007660295434627351,0.0007660295434627351,0,0
89,0,0.4082316717278684,5.868012614576522e-07,5.868012614576522e-07,0.0,0.0007660295434626866,0.0007660295434626866,0,0
89,1,0.4082316717278684,1.7347352788701088e-06,1.3714518692255648e-06,0.20941720276834555,0.0013170934966319243,0.0011710900346367757,1,1
89,2,0.4082316717278684,3.3386961027961105e-06,3.281215352295608e-06,0.01721652667110471,0.001827209923023655,0.0018114125295734288,1,1
89,3,0.4082316717278684,2.1898075991858555e-06,2.1898075991858555e-06,0.0,0.0014797998510561676,0.0014797998510561676,0,0
89,4,0.4082316717278684,2.189807599185843e-06,2.189807599185843e-06,0.0,0.0014797998510561634,0.0014797998510561634,0,0
89,5,0.4082316717278684,3.3386961027961783e-06,3.28121535229549e-06,0.017216526671160047,0.0018272099230236733,0.001811412529573396,1,1
89,6,0.4082316717278684,1.734735278870118e-06,1.3714518692255879e-06,0.2094172027683364,0.0013170934966319277,0.0011710900346367857,1,1
89,7,0.4082316717278684,5.868012614577263e-07,5.868012614577263e-07,0.0,0.0007660295434627351,0.0007660295434627351,0,0
90,0,0.4082316717278684,5.868012614576522e-07,5.868012614576522e-07,0.0,0.0007660295434626866,0.0007660295434626866,0,0
90,1,0.4082316717278684,1.7347352788701088e-06,1.3714518692255648e-06,0.20941720276834555,0.0013170934966319243,0.0011710900346367757,1,1
90,2,0.4082316717278684,3.3386961027961105e-06,3.281215352295608e-06,0.01721652667110471,0.001827209923023655,0.0018114125295734288,1,1
90,3,0.4082316717278684,2.1898075991858555e-06,2.1898075991858555e-06,0.0,0.0014797998510561676,0.0014797998510561676,0,0
90,4,0.4082316717278684,2.189807599185843e-06,2.189807599185843e-06,0.0,0.0014797998510561634,0.0014797998510561634,0,0
90,5,0.4082316717278684,3.3386961027961783e-06,3.28121535229549e-06,0.017216526671160047,0.0018272099230236733,0.001811412529573396,1,1
90,6,0.4082316717278684,1.734735278870118e-06,1.3714518692255879e-06,0.2094172027683364,0.0013170934966319277,0.0011710900346367857,1,1
90,7,0.4082316717278684,5.868012614577263e-07,5.868012614577263e-07,0.0,0.0007660295434627351,0.0007660295434627351,0,0
91,0,0.4082316717278684,5.868012614576522e-07,5.868012614576522e-07,0.0,0.0007660295434626866,0.0007660295434626866,0,0
91,1,0.4082316717278684,1.7347352788701088e-06,1.3714518692255648e-06,0.20941720276834555,0.0013170934966319243,0.0011710900346367757,1,1
91,2,0.4082316717278684,3.3386961027961105e-06,3.281215352295608e-06,0.01721652667110471,0.001827209923023655,0.0018114125295734288,1,1
91,3,0.4082316717278684,2.1898075991858555e-06,2.1898075991858555e-06,0.0,0.0014797998510561676,0.0014797998510561676,0,0
91,4,0.4082316717278684,2.189807599185843e-06,2.189807599185843e-06,0.0,0.0014797998510561634,0.0014797998510561634,0,0
91,5,0.4082316717278684,3.3386961027961783e-06,3.28121535229549e-06,0.017216526671160047,0.0018272099230236733,0.001811412529573396,1,1
91,6,0.4082316717278684,1.734735278870118e-06,1.3714518692255879e-06,0.2094172027683364,0.0013170934966319277,0.0011710900346367857,1,1
91,7,0.4082316717278684,5.868012614577263e-07,5.868012614577263e-07,0.0,0.0007660295434627351,0.0007660295434627351,0,0
92,0,0.4082316717278684,5.868012614576522e-07,5.868012614576522e-07,0.0,0.0007660295434626866,0.0007660295434626866,0,0
92,1,0.4082316717278684,1.7347352788701088e-06,1.3714518692255648e-06,0.20941720276834555,0.0013170934966319243,0.0011710900346367757,1,1
92,2,0.4082316717278684,3.3386961027961105e-06,3.281215352295608e-06,0.01721652667110471,0.001827209923023655,0.0018114125295734288,1,1
92,3,0.4082316717278684,2.1898075991858555e-06,2.1898075991858555e-06,0.0,0.0014797998510561676,0.0014797998510561676,0,0
92,4,0.4082316717278684,2.189807599185843e-06,2.189807599185843e-06,0.0,0.0014797998510561634,0.0014797998510561634,0,0
92,5,0.4082316717278684,3.3386961027961783e-06,3.28121535229549e-06,0.017216526671160047,0.0018272099230236733,0.001811412529573396,1,1
92,6,0.4082316717278684,1.734735278870118e-06,1.3714518692255879e-06,0.2094172027683364,0.0013170934966319277,0.0011710900346367857,1,1
92,7,0.4082316717278684,5.868012614577263e-07,5.868012614577263e-07,0.0,0.0007660295434627351,0.0007660295434627351,0,0
93,0,0.4082316717278684,5.868012614576522e-07,5.868012614576522e-07,0.0,0.0007660295434626866,0.0007660295434626866,0,0
93,1,0.4082316717278684,1.7347352788701088e-06,1.3714518692255648e-06,0.20941720276834555,0.0013170934966319243,0.0011710900346367757,1,1
93,2,0.4082316717278684,3.3386961027961105e-06,3.281215352295608e-06,0.01721652667110471,0.001827209923023655,0.0018114125295734288,1,1
93,3,0.4082316717278684,2.1898075991858555e-06,2.1898075991858555e-06,0.0,0.0014797998510561676,0.0014797998510561676,0,0
93,4,0.4082316717278684,2.189807599185843e-06,2.189807599185843e-06,0.0,0.0014797998510561634,0.0014797998510561634,0,0
93,5,0.4082316717278684,3.3386961027961783e-06,3.28121535229549e-06,0.017216526671160047,0.0018272099230236733,0.001811412529573396,1,1
93,6,0.4082316717278684,1.734735278870118e-06,1.3714518692255879e-06,0.2094172027683364,0.0013170934966319277,0.0011710900346367857,1,1
93,7,0.4082316717278684,5.868012614577263e-07,5.868012614577263e-07,0.0,0.0007660295434627351,0.0007660295434627351,0,0
94,0,0.4082316717278684,5.868012614576522e-07,5.868012614576522e-07,0.0,0.0007660295434626866,0.0007660295434626866,0,0
94,1,0.4082316717278684,1.7347352788701088e-06,1.3714518692255648e-06,0.20941720276834555,0.0013170934966319243,0.0011710900346367757,1,1
94,2,0.4082316717278684,3.3386961027961105e-06,3.281215352295608e-06,0.01721652667110471,0.001827209923023655,0.0018114125295734288,1,1
94,3,0.4082316717278684,2.1898075991858555e-06,2.1898075991858555e-06,0.0,0.0014797998510561676,0.0014797998510561676,0,0
94,4,0.4082316717278684,2.189807599185843e-06,2.189807599185843e-06,0.0,0.0014797998510561634,0.0014797998510561634,0,0
94,5,0.4082316717278684,3.3386961027961783e-06,3.28121535229549e-06,0.017216526671160047,0.0018272099230236733,0.001811412529573396,1,1
94,6,0.4082316717278684,1.734735278870118e-06,1.3714518692255879e-06,0.2094172027683364,0.0013170934966319277,0.0011710900346367857,1,1
94,7,0.4082316717278684,5.868012614577263e-07,5.868012614577263e-07,0.0,0.0007660295434627351,0.0007660295434627351,0,0
95,0,0.4082316717278684,5.868012614576522e-07,5.868012614576522e-07,0.0,0.0007660295434626866,0.0007660295434626866,0,0
95,1,0.4082316717278684,1.7347352788701088e-06,1.3714518692255648e-06,0.20941720276834555,0.0013170934966319243,0.0011710900346367757,1,1
95,2,0.4082316717278684,3.3386961027961105e-06,3.281215352295608e-06,0.01721652667110471,0.001827209923023655,0.0018114125295734288,1,1
95,3,0.4082316717278684,2.1898075991858555e-06,2.1898075991858555e-06,0.0,0.0014797998510561676,0.0014797998510561676,0,0
95,4,0.4082316717278684,2.189807599185843e-06,2.189807599185843e-06,0.0,0.0014797998510561634,0.0014797998510561634,0,0
95,5,0.4082316717278684,3.3386961027961783e-06,3.28121535229549e-06,0.017216526671160047,0.0018272099230236733,0.001811412529573396,1,1
95,6,0.4082316717278684,1.734735278870118e-06,1.3714518692255879e-06,0.2094172027683364,0.0013170934966319277,0.0011710900346367857,1,1
95,7,0.4082316717278684,5.868012614577263e-07,5.868012614577263e-07,0.0,0.0007660295434627351,0.0007660295434627351,0,0
96,0,0.4082316717278684,5.868012614576522e-07,5.868012614576522e-07,0.0,0.0007660295434626866,0.0007660295434626866,0,0
96,1,0.4082316717278684,1.7347352788701088e-06,1.3714518692255648e-06,0.20941720276834555,0.0013170934966319243,0.0011710900346367757,1,1
96,2,0.4082316717278684,3.3386961027961105e-06,3.281215352295608e-06,0.01721652667110471,0.001827209923023655,0.0018114125295734288,1,1
96,3,0.4082316717278684,2.1898075991858555e-06,2.1898075991858555e-06,0.0,0.0014797998510561676,0.0014797998510561676,0,0
96,4,0.4082316717278684,2.189807599185843e-06,2.189807599185843e-06,0.0,0.0014797998510561634,0.0014797998510561634,0,0
96,5,0.4082316717278684,3.3386961027961783e-06,3.28121535229549e-06,0.017216526671160047,0.0018272099230236733,0.001811412529573396,1,1
96,6,0.4082316717278684,1.734735278870118e-06,1.3714518692255879e-06,0.2094172027683364,0.0013170934966319277,0.0011710900346367857,1,1
96,7,0.4082316717278684,5.868012614577263e-07,5.868012614577263e-07,0.0,0.0007660295434627351,0.0007660295434627351,0,0
97,0,0.4082316717278684,5.868012614576522e-07,5.868012614576522e-07,0.0,0.0007660295434626866,0.0007660295434626866,0,0
97,1,0.4082316717278684,1.7347352788701088e-06,1.3714518692255648e-06,0.20941720276834555,0.0013170934966319243,0.0011710900346367757,1,1
97,2,0.4082316717278684,3.3386961027961105e-06,3.281215352295608e-06,0.01721652667110471,0.001827209923023655,0.0018114125295734288,1,1
97,3,0.4082316717278684,2.1898075991858555e-06,2.1898075991858555e-06,0.0,0.0014797998510561676,0.0014797998510561676,0,0
97,4,0.4082316717278684,2.189807599185843e-06,2.189807599185843e-06,0.0,0.0014797998510561634,0.0014797998510561634,0,0
97,5,0.4082316717278684,3.3386961027961783e-06,3.28121535229549e-06,0.017216526671160047,0.0018272099230236733,0.001811412529573396,1,1
97,6,0.4082316717278684,1.734735278870118e-06,1.3714518692255879e-06,0.2094172027683364,0.0013170934966319277,0.0011710900346367857,1,1
97,7,0.4082316717278684,5.868012614577263e-07,5.868012614577263e-07,0.0,0.0007660295434627351,0.0007660295434627351,0,0
98,0,0.4082316717278684,5.868012614576522e-07,5.868012614576522e-07,0.0,0.0007660295434626866,0.0007660295434626866,0,0
98,1,0.4082316717278684,1.7347352788701088e-06,1.3714518692255648e-06,0.20941720276834555,0.0013170934966319243,0.0011710900346367757,1,1
98,2,0.4082316717278684,3.3386961027961105e-06,3.281215352295608e-06,0.01721652667110471,0.001827209923023655,0.0018114125295734288,1,1
98,3,0.4082316717278684,2.1898075991858555e-06,2.1898075991858555e-06,0.0,0.0014797998510561676,0.0014797998510561676,0,0
98,4,0.4082316717278684,2.189807599185843e-06,2.189807599185843e-06,0.0,0.0014797998510561634,0.0014797998510561634,0,0
98,5,0.4082316717278684,3.3386961027961783e-06,3.28121535229549e-06,0.017216526671160047,0.0018272099230236733,0.001811412529573396,1,1
98,6,0.4082316717278684,1.734735278870118e-06,1.3714518692255879e-06,0.2094172027683364,0.0013170934966319277,0.0011710900346367857,1,1
98,7,0.4082316717278684,5.868012614577263e-07,5.868012614577263e-07,0.0,0.0007660295434627351,0.0007660295434627351,0,0
99,0,0.4082316717278684,5.868012614576522e-07,5.868012614576522e-07,0.0,0.0007660295434626866,0.0007660295434626866,0,0
99,1,0.4082316717278684,1.7347352788701088e-06,1.3714518692255648e-06,0.20941720276834555,0.0013170934966319243,0.0011710900346367757,1,1
99,2,0.4082316717278684,3.3386961027961105e-06,3.281215352295608e-06,0.01721652667110471,0.001827209923023655,0.0018114125295734288,1,1
99,3,0.4082316717278684,2.1898075991858555e-06,2.1898075991858555e-06,0.0,0.0014797998510561676,0.0014797998510561676,0,0
99,4,0.4082316717278684,2.189807599185843e-06,2.189807599185843e-06,0.0,0.0014797998510561634,0.0014797998510561634,0,0
99,5,0.4082316717278684,3.3386961027961783e-06,3.28121535229549e-06,0.017216526671160047,0.0018272099230236733,0.001811412529573396,1,1
99,6,0.4082316717278684,1.734735278870118e-06,1.3714518692255879e-06,0.2094172027683364,0.0013170934966319277,0.0011710900346367857,1,1
99,7,0.4082316717278684,5.868012614577263e-07,5.868012614577263e-07,0.0,0.0007660295434627351,0.0007660295434627351,0,0
100,0,0.4082316717278684,5.868012614576522e-07,5.868012614576522e-07,0.0,0.0007660295434626866,0.0007660295434626866,0,0
100,1,0.4082316717278684,1.7347352788701088e-06,1.3714518692255648e-06,0.20941720276834555,0.0013170934966319243,0.0011710900346367757,1,1
100,2,0.4082316717278684,3.3386961027961105e-06,3.281215352295608e-06,0.01721652667110471,0.001827209923023655,0.0018114125295734288,1,1
100,3,0.4082316717278684,2.1898075991858555e-06,2.1898075991858555e-06,0.0,0.0014797998510561676,0.0014797998510561676,0,0
100,4,0.4082316717278684,2.189807599185843e-06,2.189807599185843e-06,0.0,0.0014797998510561634,0.0014797998510561634,0,0
100,5,0.4082316717278684,3.3386961027961783e-06,3.28121535229549e-06,0.017216526671160047,0.0018272099230236733,0.001811412529573396,1,1
100,6,0.4082316717278684,1.734735278870118e-06,1.3714518692255879e-06,0.2094172027683364,0.0013170934966319277,0.0011710900346367857,1,1
100,7,0.4082316717278684,5.868012614577263e-07,5.868012614577263e-07,0.0,0.0007660295434627351,0.0007660295434627351,0,0
101,0,0.4082316717278684,5.868012614576522e-07,5.868012614576522e-07,0.0,0.0007660295434626866,0.0007660295434626866,0,0
101,1,0.4082316717278684,1.7347352788701088e-06,1.3714518692255648e-06,0.20941720276834555,0.0013170934966319243,0.0011710900346367757,1,1
101,2,0.4082316717278684,3.3386961027961105e-06,3.281215352295608e-06,0.01721652667110471,0.001827209923023655,0.0018114125295734288,1,1
101,3,0.4082316717278684,2.1898075991858555e-06,2.1898075991858555e-06,0.0,0.0014797998510561676,0.0014797998510561676,0,0
101,4,0.4082316717278684,2.189807599185843e-06,2.189807599185843e-06,0.0,0.0014797998510561634,0.0014797998510561634,0,0
101,5,0.4082316717278684,3.3386961027961783e-06,3.28121535229549e-06,0.017216526671160047,0.0018272099230236733,0.001811412529573396,1,1
101,6,0.4082316717278684,1.734735278870118e-06,1.3714518692255879e-06,0.2094172027683364,0.0013170934966319277,0.0011710900346367857,1,1
101,7,0.4082316717278684,5.868012614577263e-07,5.868012614577263e-07,0.0,0.0007660295434627351,0.0007660295434627351,0,0
102,0,0.4082316717278684,5.868012614576522e-07,5.868012614576522e-07,0.0,0.0007660295434626866,0.0007660295434626866,0,0
102,1,0.4082316717278684,1.7347352788701088e-06,1.3714518692255648e-06,0.20941720276834555,0.0013170934966319243,0.0011710900346367757,1,1
102,2,0.4082316717278684,3.3386961027961105e-06,3.281215352295608e-06,0.01721652667110471,0.001827209923023655,0.0018114125295734288,1,1
102,3,0.4082316717278684,2.1898075991858555e-06,2.1898075991858555e-06,0.0,0.0014797998510561676,0.0014797998510561676,0,0
102,4,0.4082316717278684,2.189807599185843e-06,2.189807599185843e-06,0.0,0.0014797998510561634,0.0014797998510561634,0,0
102,5,0.4082316717278684,3.3386961027961783e-06,3.28121535229549e-06,0.017216526671160047,0.0018272099230236733,0.001811412529573396,1,1
102,6,0.4082316717278684,1.734735278870118e-06,1.3714518692255879e-06,0.2094172027683364,0.0013170934966319277,0.0011710900346367857,1,1
102,7,0.4082316717278684,5.868012614577263e-07,5.868012614577263e-07,0.0,0.0007660295434627351,0.0007660295434627351,0,0
103,0,0.4082316717278684,5.868012614576522e-07,5.868012614576522e-07,0.0,0.0007660295434626866,0.0007660295434626866,0,0
103,1,0.4082316717278684,1.7347352788701088e-06,1.3714518692255648e-06,0.20941720276834555,0.0013170934966319243,0.0011710900346367757,1,1
103,2,0.4082316717278684,3.3386961027961105e-06,3.281215352295608e-06,0.01721652667110471,0.001827209923023655,0.0018114125295734288,1,1
103,3,0.4082316717278684,2.1898075991858555e-06,2.1898075991858555e-06,0.0,0.0014797998510561676,0.0014797998510561676,0,0
103,4,0.4082316717278684,2.189807599185843e-06,2.189807599185843e-06,0.0,0.0014797998510561634,0.0014797998510561634,0,0
103,5,0.4082316717278684,3.3386961027961783e-06,3.28121535229549e-06,0.017216526671160047,0.0018272099230236733,0.001811412529573396,1,1
103,6,0.4082316717278684,1.734735278870118e-06,1.3714518692255879e-06,0.2094172027683364,0.0013170934966319277,0.0011710900346367857,1,1
103,7,0.4082316717278684,5.868012614577263e-07,5.868012614577263e-07,0.0,0.0007660295434627351,0.0007660295434627351,0,0
104,0,0.4082316717278684,5.868012614576522e-07,5.868012614576522e-07,0.0,0.0007660295434626866,0.0007660295434626866,0,0
104,1,0.4082316717278684,1.7347352788701088e-06,1.3714518692255648e-06,0.20941720276834555,0.0013170934966319243,0.0011710900346367757,1,1
104,2,0.4082316717278684,3.3386961027961105e-06,3.281215352295608e-06,0.01721652667110471,0.001827209923023655,0.0018114125295734288,1,1
104,3,0.4082316717278684,2.1898075991858555e-06,2.1898075991858555e-06,0.0,0.0014797998510561676,0.0014797998510561676,0,0
104,4,0.4082316717278684,2.189807599185843e-06,2.189807599185843e-06,0.0,0.0014797998510561634,0.0014797998510561634,0,0
104,5,0.4082316717278684,3.3386961027961783e-06,3.28121535229549e-06,0.017216526671160047,0.0018272099230236733,0.001811412529573396,1,1
104,6,0.4082316717278684,1.734735278870118e-06,1.3714518692255879e-06,0.2094172027683364,0.0013170934966319277,0.0011710900346367857,1,1
104,7,0.4082316717278684,5.868012614577263e-07,5.868012614577263e-07,0.0,0.0007660295434627351,0.0007660295434627351,0,0
105,0,0.4082316717278684,5.868012614576522e-07,5.868012614576522e-07,0.0,0.0007660295434626866,0.0007660295434626866,0,0
105,1,0.4082316717278684,1.7347352788701088e-06,1.3714518692255648e-06,0.20941720276834555,0.0013170934966319243,0.0011710900346367757,1,1
105,2,0.4082316717278684,3.3386961027961105e-06,3.281215352295608e-06,0.01721652667110471,0.001827209923023655,0.0018114125295734288,1,1
105,3,0.4082316717278684,2.1898075991858555e-06,2.1898075991858555e-06,0.0,0.0014797998510561676,0.0014797998510561676,0,0
105,4,0.4082316717278684,2.189807599185843e-06,2.189807599185843e-06,0.0,0.0014797998510561634,0.0014797998510561634,0,0
105,5,0.4082316717278684,3.3386961027961783e-06,3.28121535229549e-06,0.017216526671160047,0.0018272099230236733,0.001811412529573396,1,1
105,6,0.4082316717278684,1.734735278870118e-06,1.3714518692255879e-06,0.2094172027683364,0.0013170934966319277,0.0011710900346367857,1,1
105,7,0.4082316717278684,5.868012614577263e-07,5.868012614577263e-07,0.0,0.0007660295434627351,0.0007660295434627351,0,0
106,0,0.4082316717278684,5.868012614576522e-07,5.868012614576522e-07,0.0,0.0007660295434626866,0.0007660295434626866,0,0
106,1,0.4082316717278684,1.7347352788701088e-06,1.3714518692255648e-06,0.20941720276834555,0.0013170934966319243,0.0011710900346367757,1,1
106,2,0.4082316717278684,3.3386961027961105e-06,3.281215352295608e-06,0.01721652667110471,0.001827209923023655,0.0018114125295734288,1,1
106,3,0.4082316717278684,2.1898075991858555e-06,2.1898075991858555e-06,0.0,0.0014797998510561676,0.0014797998510561676,0,0
106,4,0.4082316717278684,2.189807599185843e-06,2.189807599185843e-06,0.0,0.0014797998510561634,0.0014797998510561634,0,0
106,5,0.4082316717278684,3.3386961027961783e-06,3.28121535229549e-06,0.017216526671160047,0.0018272099230236733,0.001811412529573396,1,1
106,6,0.4082316717278684,1.734735278870118e-06,1.3714518692255879e-06,0.2094172027683364,0.0013170934966319277,0.0011710900346367857,1,1
106,7,0.4082316717278684,5.868012614577263e-07,5.868012614577263e-07,0.0,0.0007660295434627351,0.0007660295434627351,0,0
107,0,0.4082316717278684,5.868012614576522e-07,5.868012614576522e-07,0.0,0.0007660295434626866,0.0007660295434626866,0,0
107,1,0.4082316717278684,1.7347352788701088e-06,1.3714518692255648e-06,0.20941720276834555,0.0013170934966319243,0.0011710900346367757,1,1
107,2,0.4082316717278684,3.3386961027961105e-06,3.281215352295608e-06,0.01721652667110471,0.001827209923023655,0.0018114125295734288,1,1
107,3,0.4082316717278684,2.1898075991858555e-06,2.1898075991858555e-06,0.0,0.0014797998510561676,0.0014797998510561676,0,0
107,4,0.4082316717278684,2.189807599185843e-06,2.189807599185843e-06,0.0,0.0014797998510561634,0.0014797998510561634,0,0
107,5,0.4082316717278684,3.3386961027961783e-06,3.28121535229549e-06,0.017216526671160047,0.0018272099230236733,0.001811412529573396,1,1
107,6,0.4082316717278684,1.734735278870118e-06,1.3714518692255879e-06,0.2094172027683364,0.0013170934966319277,0.0011710900346367857,1,1
107,7,0.4082316717278684,5.868012614577263e-07,5.868012614577263e-07,0.0,0.0007660295434627351,0.0007660295434627351,0,0
108,0,0.4082316717278684,5.868012614576522e-07,5.868012614576522e-07,0.0,0.0007660295434626866,0.0007660295434626866,0,0
108,1,0.4082316717278684,1.7347352788701088e-06,1.3714518692255648e-06,0.20941720276834555,0.0013170934966319243,0.0011710900346367757,1,1
108,2,0.4082316717278684,3.3386961027961105e-06,3.281215352295608e-06,0.01721652667110471,0.001827209923023655,0.0018114125295734288,1,1
108,3,0.4082316717278684,2.1898075991858555e-06,2.1898075991858555e-06,0.0,0.0014797998510561676,0.0014797998510561676,0,0
108,4,0.4082316717278684,2.189807599185843e-06,2.189807599185843e-06,0.0,0.0014797998510561634,0.0014797998510561634,0,0
108,5,0.4082316717278684,3.3386961027961783e-06,3.28121535229549e-06,0.017216526671160047,0.0018272099230236733,0.001811412529573396,1,1
108,6,0.4082316717278684,1.734735278870118e-06,1.3714518692255879e-06,0.2094172027683364,0.0013170934966319277,0.0011710900346367857,1,1
108,7,0.4082316717278684,5.868012614577263e-07,5.868012614577263e-07,0.0,0.0007660295434627351,0.0007660295434627351,0,0
109,0,0.4082316717278684,5.868012614576522e-07,5.868012614576522e-07,0.0,0.0007660295434626866,0.0007660295434626866,0,0
109,1,0.4082316717278684,1.7347352788701088e-06,1.3714518692255648e-06,0.20941720276834555,0.0013170934966319243,0.0011710900346367757,1,1
109,2,0.4082316717278684,3.3386961027961105e-06,3.281215352295608e-06,0.01721652667110471,0.001827209923023655,0.0018114125295734288,1,1
109,3,0.4082316717278684,2.1898075991858555e-06,2.1898075991858555e-06,0.0,0.0014797998510561676,0.0014797998510561676,0,0
109,4,0.4082316717278684,2.189807599185843e-06,2.189807599185843e-06,0.0,0.0014797998510561634,0.0014797998510561634,0,0
109,5,0.4082316717278684,3.3386961027961783e-06,3.28121535229549e-06,0.017216526671160047,0.0018272099230236733,0.001811412529573396,1,1
109,6,0.4082316717278684,1.734735278870118e-06,1.3714518692255879e-06,0.2094172027683364,0.0013170934966319277,0.0011710900346367857,1,1
109,7,0.4082316717278684,5.868012614577263e-07,5.868012614577263e-07,0.0,0.0007660295434627351,0.0007660295434627351,0,0
110,0,0.4082316717278684,5.868012614576522e-07,5.868012614576522e-07,0.0,0.0007660295434626866,0.0007660295434626866,0,0
110,1,0.4082316717278684,1.7347352788701088e-06,1.3714518692255648e-06,0.20941720276834555,0.0013170934966319243,0.0011710900346367757,1,1
110,2,0.4082316717278684,3.3386961027961105e-06,3.281215352295608e-06,0.01721652667110471,0.001827209923023655,0.0018114125295734288,1,1
110,3,0.4082316717278684,2.1898075991858555e-06,2.1898075991858555e-06,0.0,0.0014797998510561676,0.0014797998510561676,0,0
110,4,0.4082316717278684,2.189807599185843e-06,2.189807599185843e-06,0.0,0.0014797998510561634,0.0014797998510561634,0,0
110,5,0.4082316717278684,3.3386961027961783e-06,3.28121535229549e-06,0.017216526671160047,0.0018272099230236733,0.001811412529573396,1,1
110,6,0.4082316717278684,1.734735278870118e-06,1.3714518692255879e-06,0.2094172027683364,0.0013170934966319277,0.0011710900346367857,1,1
110,7,0.4082316717278684,5.868012614577263e-07,5.868012614577263e-07,0.0,0.0007660295434627351,0.0007660295434627351,0,0
111,0,0.4082316717278684,5.868012614576522e-07,5.868012614576522e-07,0.0,0.0007660295434626866,0.0007660295434626866,0,0
111,1,0.4082316717278684,1.7347352788701088e-06,1.3714518692255648e-06,0.20941720276834555,0.0013170934966319243,0.0011710900346367757,1,1
111,2,0.4082316717278684,3.3386961027961105e-06,3.281215352295608e-06,0.01721652667110471,0.001827209923023655,0.0018114125295734288,1,1
111,3,0.4082316717278684,2.1898075991858555e-06,2.1898075991858555e-06,0.0,0.0014797998510561676,0.0014797998510561676,0,0
111,4,0.4082316717278684,2.189807599185843e-06,2.189807599185843e-06,0.0,0.0014797998510561634,0.0014797998510561634,0,0
111,5,0.4082316717278684,3.3386961027961783e-06,3.28121535229549e-06,0.017216526671160047,0.0018272099230236733,0.001811412529573396,1,1
111,6,0.4082316717278684,1.734735278870118e-06,1.3714518692255879e-06,0.2094172027683364,0.0013170934966319277,0.0011710900346367857,1,1
111,7,0.4082316717278684,5.868012614577263e-07,5.868012614577263e-07,0.0,0.0007660295434627351,0.0007660295434627351,0,0
112,0,0.4082316717278684,5.868012614576522e-07,5.868012614576522e-07,0.0,0.0007660295434626866,0.0007660295434626866,0,0
112,1,0.4082316717278684,1.7347352788701088e-06,1.3714518692255648e-06,0.20941720276834555,0.0013170934966319243,0.0011710900346367757,1,1
112,2,0.4082316717278684,3.3386961027961105e-06,3.281215352295608e-06,0.01721652667110471,0.001827209923023655,0.0018114125295734288,1,1
112,3,0.4082316717278684,2.1898075991858555e-06,2.1898075991858555e-06,0.0,0.0014797998510561676,0.0014797998510561676,0,0
112,4,0.4082316717278684,2.189807599185843e-06,2.189807599185843e-06,0.0,0.0014797998510561634,0.0014797998510561634,0,0
112,5,0.4082316717278684,3.3386961027961783e-06,3.28121535229549e-06,0.017216526671160047,0.0018272099230236733,0.001811412529573396,1,1
112,6,0.4082316717278684,1.734735278870118e-06,1.3714518692255879e-06,0.2094172027683364,0.0013170934966319277,0.0011710900346367857,1,1
112,7,0.4082316717278684,5.868012614577263e-07,5.868012614577263e-07,0.0,0.0007660295434627351,0.0007660295434627351,0,0
113,0,0.4082316717278684,5.868012614576522e-07,5.868012614576522e-07,0.0,0.0007660295434626866,0.0007660295434626866,0,0
113,1,0.4082316717278684,1.7347352788701088e-06,1.3714518692255648e-06,0.20941720276834555,0.0013170934966319243,0.0011710900346367757,1,1
113,2,0.4082316717278684,3.3386961027961105e-06,3.281215352295608e-06,0.01721652667110471,0.001827209923023655,0.0018114125295734288,1,1
113,3,0.4082316717278684,2.1898075991858555e-06,2.1898075991858555e-06,0.0,0.0014797998510561676,0.0014797998510561676,0,0
113,4,0.4082316717278684,2.189807599185843e-06,2.189807599185843e-06,0.0,0.0014797998510561634,0.0014797998510561634,0,0
113,5,0.4082316717278684,3.3386961027961783e-06,3.28121535229549e-06,0.017216526671160047,0.0018272099230236733,0.001811412529573396,1,1
113,6,0.4082316717278684,1.734735278870118e-06,1.3714518692255879e-06,0.2094172027683364,0.0013170934966319277,0.0011710900346367857,1,1
113,7,0.4082316717278684,5.868012614577263e-07,5.868012614577263e-07,0.0,0.0007660295434627351,0.0007660295434627351,0,0
114,0,0.4082316717278684,5.868012614576522e-07,5.868012614576522e-07,0.0,0.0007660295434626866,0.0007660295434626866,0,0
114,1,0.4082316717278684,1.7347352788701088e-06,1.3714518692255648e-06,0.20941720276834555,0.0013170934966319243,0.0011710900346367757,1,1
114,2,0.4082316717278684,3.3386961027961105e-06,3.281215352295608e-06,0.01721652667110471,0.001827209923023655,0.0018114125295734288,1,1
114,3,0.4082316717278684,2.1898075991858555e-06,2.1898075991858555e-06,0.0,0.0014797998510561676,0.0014797998510561676,0,0
114,4,0.4082316717278684,2.189807599185843e-06,2.189807599185843e-06,0.0,0.0014797998510561634,0.0014797998510561634,0,0
114,5,0.4082316717278684,3.3386961027961783e-06,3.28121535229549e-06,0.017216526671160047,0.0018272099230236733,0.001811412529573396,1,1
114,6,0.4082316717278684,1.734735278870118e-06,1.3714518692255879e-06,0.2094172027683364,0.0013170934966319277,0.0011710900346367857,1,1
114,7,0.4082316717278684,5.868012614577263e-07,5.868012614577263e-07,0.0,0.0007660295434627351,0.0007660295434627351,0,0
115,0,0.4082316717278684,5.868012614576522e-07,5.868012614576522e-07,0.0,0.0007660295434626866,0.0007660295434626866,0,0
115,1,0.4082316717278684,1.7347352788701088e-06,1.3714518692255648e-06,0.20941720276834555,0.0013170934966319243,0.0011710900346367757,1,1
115,2,0.4082316717278684,3.3386961027961105e-06,3.281215352295608e-06,0.01721652667110471,0.001827209923023655,0.0018114125295734288,1,1
115,3,0.4082316717278684,2.1898075991858555e-06,2.1898075991858555e-06,0.0,0.0014797998510561676,0.0014797998510561676,0,0
115,4,0.4082316717278684,2.189807599185843e-06,2.189807599185843e-06,0.0,0.0014797998510561634,0.0014797998510561634,0,0
115,5,0.4082316717278684,3.3386961027961783e-06,3.28121535229549e-06,0.017216526671160047,0.0018272099230236733,0.001811412529573396,1,1
115,6,0.4082316717278684,1.734735278870118e-06,1.3714518692255879e-06,0.2094172027683364,0.0013170934966319277,0.0011710900346367857,1,1
115,7,0.4082316717278684,5.868012614577263e-07,5.868012614577263e-07,0.0,0.0007660295434627351,0.0007660295434627351,0,0
116,0,0.4082316717278684,5.868012614576522e-07,5.868012614576522e-07,0.0,0.0007660295434626866,0.0007660295434626866,0,0
116,1,0.4082316717278684,1.7347352788701088e-06,1.3714518692255648e-06,0.20941720276834555,0.0013170934966319243,0.0011710900346367757,1,1
116,2,0.4082316717278684,3.3386961027961105e-06,3.281215352295608e-06,0.01721652667110471,0.001827209923023655,0.0018114125295734288,1,1
116,3,0.4082316717278684,2.1898075991858555e-06,2.1898075991858555e-06,0.0,0.0014797998510561676,0.0014797998510561676,0,0
116,4,0.4082316717278684,2.189807599185843e-06,2.189807599185843e-06,0.0,0.0014797998510561634,0.0014797998510561634,0,0
116,5,0.4082316717278684,3.3386961027961783e-06,3.28121535229549e-06,0.017216526671160047,0.0018272099230236733,0.001811412529573396,1,1
116,6,0.4082316717278684,1.734735278870118e-06,1.3714518692255879e-06,0.2094172027683364,0.0013170934966319277,0.0011710900346367857,1,1
116,7,0.4082316717278684,5.868012614577263e-07,5.868012614577263e-07,0.0,0.0007660295434627351,0.0007660295434627351,0,0
117,0,0.4082316717278684,5.868012614576522e-07,5.868012614576522e-07,0.0,0.0007660295434626866,0.0007660295434626866,0,0
117,1,0.4082316717278684,1.7347352788701088e-06,1.3714518692255648e-06,0.20941720276834555,0.0013170934966319243,0.0011710900346367757,1,1
117,2,0.4082316717278684,3.3386961027961105e-06,3.281215352295608e-06,0.01721652667110471,0.001827209923023655,0.0018114125295734288,1,1
117,3,0.4082316717278684,2.1898075991858555e-06,2.1898075991858555e-06,0.0,0.0014797998510561676,0.0014797998510561676,0,0
117,4,0.4082316717278684,2.189807599185843e-06,2.189807599185843e-06,0.0,0.0014797998510561634,0.0014797998510561634,0,0
117,5,0.4082316717278684,3.3386961027961783e-06,3.28121535229549e-06,0.017216526671160047,0.0018272099230236733,0.001811412529573396,1,1
117,6,0.4082316717278684,1.734735278870118e-06,1.3714518692255879e-06,0.2094172027683364,0.0013170934966319277,0.0011710900346367857,1,1
117,7,0.4082316717278684,5.868012614577263e-07,5.868012614577263e-07,0.0,0.0007660295434627351,0.0007660295434627351,0,0
118,0,0.4082316717278684,5.868012614576522e-07,5.868012614576522e-07,0.0,0.0007660295434626866,0.0007660295434626866,0,0
118,1,0.4082316717278684,1.7347352788701088e-06,1.3714518692255648e-06,0.20941720276834555,0.0013170934966319243,0.0011710900346367757,1,1
118,2,0.4082316717278684,3.3386961027961105e-06,3.281215352295608e-06,0.01721652667110471,0.001827209923023655,0.0018114125295734288,1,1
118,3,0.4082316717278684,2.1898075991858555e-06,2.1898075991858555e-06,0.0,0.0014797998510561676,0.0014797998510561676,0,0
118,4,0.4082316717278684,2.189807599185843e-06,2.189807599185843e-06,0.0,0.0014797998510561634,0.0014797998510561634,0,0
118,5,0.4082316717278684,3.3386961027961783e-06,3.28121535229549e-06,0.017216526671160047,0.0018272099230236733,0.001811412529573396,1,1
118,6,0.4082316717278684,1.734735278870118e-06,1.3714518692255879e-06,0.2094172027683364,0.0013170934966319277,0.0011710900346367857,1,1
118,7,0.4082316717278684,5.868012614577263e-07,5.868012614577263e-07,0.0,0.0007660295434627351,0.0007660295434627351,0,0
119,0,0.4082316717278684,5.868012614576522e-07,5.868012614576522e-07,0.0,0.0007660295434626866,0.0007660295434626866,0,0
119,1,0.4082316717278684,1.7347352788701088e-06,1.3714518692255648e-06,0.20941720276834555,0.0013170934966319243,0.0011710900346367757,1,1
119,2,0.4082316717278684,3.3386961027961105e-06,3.281215352295608e-06,0.01721652667110471,0.001827209923023655,0.0018114125295734288,1,1
119,3,0.4082316717278684,2.1898075991858555e-06,2.1898075991858555e-06,0.0,0.0014797998510561676,0.0014797998510561676,0,0
119,4,0.4082316717278684,2.189807599185843e-06,2.189807599185843e-06,0.0,0.0014797998510561634,0.0014797998510561634,0,0
119,5,0.4082316717278684,3.3386961027961783e-06,3.28121535229549e-06,0.017216526671160047,0.0018272099230236733,0.001811412529573396,1,1
119,6,0.4082316717278684,1.734735278870118e-06,1.3714518692255879e-06,0.2094172027683364,0.0013170934966319277,0.0011710900346367857,1,1
119,7,0.4082316717278684,5.868012614577263e-07,5.868012614577263e-07,0.0,0.0007660295434627351,0.0007660295434627351,0,0
120,0,0.4082316717278684,5.868012614576522e-07,5.868012614576522e-07,0.0,0.0007660295434626866,0.0007660295434626866,0,0
120,1,0.4082316717278684,1.7347352788701088e-06,1.3714518692255648e-06,0.20941720276834555,0.0013170934966319243,0.0011710900346367757,1,1
120,2,0.4082316717278684,3.3386961027961105e-06,3.281215352295608e-06,0.01721652667110471,0.001827209923023655,0.0018114125295734288,1,1
120,3,0.4082316717278684,2.1898075991858555e-06,2.1898075991858555e-06,0.0,0.0014797998510561676,0.0014797998510561676,0,0
120,4,0.4082316717278684,2.189807599185843e-06,2.189807599185843e-06,0.0,0.0014797998510561634,0.0014797998510561634,0,0
120,5,0.4082316717278684,3.3386961027961783e-06,3.28121535229549e-06,0.017216526671160047,0.0018272099230236733,0.001811412529573396,1,1
120,6,0.4082316717278684,1.734735278870118e-06,1.3714518692255879e-06,0.2094172027683364,0.0013170934966319277,0.0011710900346367857,1,1
120,7,0.4082316717278684,5.868012614577263e-07,5.868012614577263e-07,0.0,0.0007660295434627351,0.0007660295434627351,0,0
